branch,ssc,hsc,sem1,sem2,sem3,sem4,sem5,sem6,kt,dkt,total,Extraversion,Agreeableness,Openness,Conscientiousness,Neuroticism,employeed
1,60.92,73.14,0,0,53.64,52.23,57.52,56.82,0,0,42.585,5,5,5,5,2,1
4,62,68.5,49,53.35,52,49.41,45.58,51.29,1,0,50.14,5,5,5,5,2,1
1,64.46,0,0,0,49.17,50.35,46.23,50.47,2,7,32.70333333,4,4,4,4,2,0
2,62.46,60.33,56.25,60.25,59.65,62.941,66.352,56.823,0,8,50.265,5,5,5,5,2,1
0,73.23,75.1,0,0,49.05,49.3,57.55,41.66,4,6,32.92666667,4,4,4,4,2,0
2,65.54,79.03,0,0,52.24,59.29,62.59,63.06,0,10,50.82,5,5,5,5,2,1
1,66,81.4,0,0,58.71,59.18,64.11,65.78,4,11,51.45333333,5,5,5,5,2,1
3,67,78.38,0,0,70.12,71.88,73.33,72.88,1,5,54.11,5,5,5,5,2,1
1,57.69,0,0,0,53.88,50.7,51.52,54.94,1,5,35.17333333,4,4,4,4,2,0
3,67.53,76.67,56.5,60.5,62.12,63.53,57.53,61.18,0,22,54.51,5,5,5,5,2,1
1,79.07,0,0,0,58.82,52.47,48.47,52.33,0,8,35.34833333,4,4,4,4,2,0
3,67.85,84.76,0,0,56.59,61.65,60.94,62.82,0,0,54.57,5,5,5,5,2,1
1,83.23,0,0,0,61.29,49.41,51.41,58.47,0,3,36.76333333,4,4,4,4,2,0
1,68.9,88.89,65,62.75,65.29,60.35,70.77,69.33,0,3,54.8625,5,5,5,5,2,1
1,69.38,71.56,0,0,59.64,51.29,67.55,62,0,1,54.935,5,5,5,5,2,1
3,69.69,68.83,56.38,58,64,62.82,52.47,59.76,0,8,55.05,5,5,5,5,2,1
1,77.69,0,0,0,55.64,54.82,52.23,61.29,0,4,37.33,4,4,4,4,2,0
1,70.4,62.2,53.125,51.5,54.7,56.82,62.47,56.94,0,6,55.17,5,5,5,5,2,1
0,70.46,80.63,0,0,66.82,67.76,67.88,65.29,1,4,55.2,5,5,5,5,2,1
1,70.6,66.83,63.84,56.15,60.58,55.29,55.64,59.41,0,5,55.7,5,5,5,5,1,1
1,58.46,52.17,0,0,57.64,56.7,51.76,58.58,0,0,37.44666667,3,3,3,3,3,0
1,70.61,81.03,0,0,60.35,61.29,65.52,70.35,0,11,55.87,5,5,5,5,1,1
1,90.46,0,0,0,55.64,54.58,58,59.41,0,2,37.93833333,3,3,3,3,3,0
1,74.46,56.67,0,0,59.17,52.47,58.23,61.76,0,0,38.605,3,3,3,3,3,0
1,70.62,83.86,0,0,58,62.82,63.76,69.41,0,4,55.935,5,5,5,5,1,1
3,71.38,80.84,56,63.63,66.47,59.53,67.12,62.89,0,8,55.96,5,5,5,5,1,1
1,71.53,73.14,0,0,54.11,51.76,62,60.77,0,2,56.72,5,5,5,5,1,1
1,72.61,72.52,0,0,67.17,59.76,69.77,65.88,0,5,56.8909,5,5,5,5,1,1
1,76.92,0,0,0,58.82,53.53,54.47,66.11,0,2,38.82166667,3,3,3,3,3,0
1,72.92,72.17,60.5,65.75,62.94,62.7,65.29,58.82,0,6,56.99916667,5,5,5,5,1,1
0,73.2,82.3,51.625,57.125,61.3,55.77,59.9,59.9,0,2,57.16,5,5,5,5,1,1
1,83.53,67.17,0,0,61.05,54.11,58.23,62,0,2,39.23166667,3,3,3,3,4,0
1,87.84,0,0,0,54,58.35,59.05,64.35,0,2,39.29166667,2,2,2,2,4,0
1,79.69,0,0,0,65.17,53.88,54.35,63.76,0,2,39.52666667,2,2,2,2,4,0
1,76.61,0,0,0,55.52,59.29,66.35,66,0,2,41.19333333,2,2,2,2,5,0
1,0.7738,0,0,0,61.06,59.65,62.23,66.7,0,0,41.60666667,1,1,1,1,5,0
0,48.76,66.75,54.84,58.33,56.43,60.47,64.48,69.16,0,0,42,4,4,4,4,1,0
1,89.07,0,0,0,68.58,64.47,57.64,64.7,0,0,42.565,4,4,4,4,1,0
3,57.2,87.76,0,0,62.23,66.11,64.11,63.05,0,4,42.58,4,4,4,4,1,0
2,83.08,73.33,49.75,52.25,0,52.47,51.88,51.06,0,10,42.9,4,4,4,4,1,0
0,72.92,65,57.5,50.13,0,50.12,57,48.22,0,6,43.83,4,4,4,4,1,0
1,69.07,52.5,48.87,49.62,49.88,48.58,41.52,41.52,5,17,46.665,3,3,3,3,2,0
4,73.69,77.61,0,0,58.94,58.94,58.58,61.52,0,4,57.25,5,5,5,5,1,1
1,74.92,75.83,51,58.12,56.58,60.23,58.82,60.47,0,4,57.27,5,5,5,5,1,1
1,75.07,73.33,55.125,57.125,59.411,56.47,56.823,60.7,0,0,57.38833333,5,5,5,5,1,1
2,70.8,62.83,50.38,53.88,45.53,48,46.12,42.12,0,8,47.67,3,3,3,3,2,0
4,78,66,48,50,52,51,50,52,0,4,48,3,3,3,3,2,0
1,87.84,70.89,0,0,45.05,51.05,46.35,49.65,1,11,48.03,3,3,3,3,2,0
4,74.15,60,47.25,51.25,49.05,50.7,46.11,44.94,4,16,48.21,3,3,3,3,2,0
3,62,75.67,51.5,62.5,54.59,49.76,42.59,28.47,4,14,48.24,3,3,3,3,2,0
2,75.54,86.34,0,0,62.35,60.82,63.88,63.18,0,0,57.53,5,5,5,5,1,1
3,69,67,52.25,52.25,48.88,46.11,44.2,46.11,3,10,48.3,3,3,3,3,2,0
2,67,72.4,47,54.88,49.18,48,43.88,47.18,3,6,48.35,3,3,3,3,2,0
4,87,74.83,51.37,54.875,50.705,50,40.803,44.5,4,8,48.8,3,3,3,3,2,0
1,75.84,73.67,50.75,53.62,61.88,55.41,56.7,62,0,1,57.55,5,5,5,5,1,1
3,70.92,71.33,48.75,49.125,50.47,47.29,48.82,49.41,2,15,48.97,2,2,2,2,3,0
2,74.15,63,46.5,52.125,50.94,52.58,52.47,41.29,4,20,49.31,2,2,2,2,3,0
0,63.73,68.07,0,0,55.88,48.35,52.55,41.11,4,7,49.47,2,2,2,2,3,0
1,77.08,86.76,0,0,51.29,51.76,49.76,45.06,1,0,49.47,2,2,2,2,3,0
0,83.84,67.83,46.5,50.25,53.05,48.35,50,49.44,0,9,49.62,2,2,2,2,3,0
1,75.6,68.5,47.63,45.38,46.47,47.65,57.53,52.94,1,26,49.66,2,2,2,2,3,0
1,76,82.74,0,0,61.52,64.11,71.64,64.35,0,2,57.609,5,5,5,5,1,1
1,85.84,71.67,53.5,50.25,44.47,51.64,46.94,52.23,2,18,49.8,2,2,2,2,3,0
1,78.46,64.06,0,0,48.7,48.82,54.11,48,3,8,49.9075,2,2,2,2,3,0
1,76.46,81.93,0,0,67.06,60.94,60.59,68,0,3,57.64,5,5,5,5,1,1
0,78.46,57.5,48.5,47.62,50,51.52,50.66,51.22,1,10,49.92,2,2,2,2,3,0
2,89.69,70.5,50.5,50,48,51.5,51.52,47,1,12,49.95,2,2,2,2,3,0
1,80.61,0,0,0,50.58,49.05,49.41,47.17,2,10,50,2,2,2,2,3,0
4,81.53,68,51.12,59.75,62.53,49.41,60,50,0,15,50,2,2,2,2,3,0
1,74.13,71.24,0,0,53.41,51.05,50.58,45.05,3,20,50.022,2,2,2,2,3,0
2,57.6,60,48.88,54.88,55.53,47.06,46.94,46.94,0,19,50.04,1,1,1,1,4,0
1,69.33,74,52.75,48.62,48.11,47.41,52.94,50.47,0,22,50.05,1,1,1,1,4,0
2,72.8,67.67,49,52.375,51.52,51.52,50.75,45.88,1,0,50.15,1,1,1,1,4,0
4,81.6,67.67,49.38,54.88,54.94,53.53,45.29,43.18,4,6,50.2,1,1,1,1,4,0
0,81.87,74.83,48.25,52.5,50.71,48.12,49.89,51.78,0,19,50.21,1,1,1,1,4,0
1,76.46,81.93,0,0,67.06,60.94,60.59,68,1,0,57.65,5,5,5,5,1,1
1,76.77,86.18,0,0,56.59,58.47,61.53,70.47,0,4,57.6725,5,5,5,5,1,1
1,76.8,82.8,61,63.5,65.88,59.41,68.82,68.82,0,0,57.79416667,5,5,5,5,1,1
1,82.67,79.83,53.75,50.88,47.76,48.59,51.88,48.71,2,13,50.22,1,1,1,1,4,0
0,76.92,74.39,0,0,61.64,61.64,67.22,65,2,2,57.9,5,5,5,5,2,1
0,77.23,84.76,0,0,55.29,61.76,53.06,60.47,0,3,57.925,5,5,5,5,2,1
4,77.23,73.83,59.12,61.37,65.05,56.47,58.7,64.7,0,5,57.98,5,5,5,5,2,1
0,77.54,68.17,49,49.13,55.53,46.59,52.44,49.33,1,8,50.34,1,1,1,1,4,0
4,77.23,64.33,0,0,64.94,60.47,65.41,66.7,0,5,58.06,5,5,5,5,2,1
3,77.23,70,64.39,68.13,57.43,58.56,73.89,71.18,0,1,58.145,5,5,5,5,2,1
1,77.54,82.53,0,0,62.35,56.12,64,60.78,0,1,58.15666667,5,5,5,5,2,1
1,83.84,60,50.5,48,51,50,52,51,1,4,50.41666667,1,1,1,1,4,0
2,74,75,45.5,49.71,45.52,50.78,53.65,57.76,0,8,50.49,1,1,1,1,4,0
2,77.69,87.62,0,0,62.82,64.23,68.7,63.52,0,2,58.17,5,5,5,5,2,1
1,78.3,71.61,0,0,50.7,53.52,47.29,51.05,3,4,50.64,1,1,1,1,4,0
1,58.92,75.87,0,0,46,50.35,53.41,53.05,2,7,50.7025,1,1,1,1,4,0
3,83,63,51.88,54.63,52.12,53.76,45.76,46.47,5,14,50.77,1,1,1,1,4,0
1,78.46,68.17,49.37,48.37,50.23,52,51.76,53.52,2,19,50.875,1,1,1,1,4,0
1,81.71,59,49,51.13,47.53,52,50.94,54.59,0,8,50.88,1,1,1,1,4,0
1,77.8,67.8,61.12,61.25,74,71.76,70.11,67.8828,0,0,58.22,5,5,5,5,2,1
1,85.85,80.27,0,0,52,52,47,54,0,3,50.94,1,1,1,1,4,0
3,77.85,79.5,62.38,59.13,66.82,64.47,65,66.89,1,1,58.23,5,5,5,5,2,1
0,54.61,65.32,0,0,49.76,50,54.11,50.1,0,6,50.99,1,1,1,1,4,0
0,53.84,57,0,0,51.67,52.12,55,45.45,4,4,51.06,4,4,4,4,1,0
2,82.15,86.3,0,0,54.94,50.59,53.29,45.88,3,8,51.17,4,4,4,4,1,0
2,73.87,67.17,52.5,49.5,53.29,47.76,55.41,49.29,1,8,51.29,4,4,4,4,1,0
0,58.13,53.17,49.38,50.88,51.29,46.12,56.89,53.22,0,0,51.3,4,4,4,4,1,0
1,67.73,73.67,47.25,44.75,49.53,49.88,56.12,60.35,0,14,51.42,4,4,4,4,1,0
2,80.15,71.33,51.13,51,50.71,53.18,49.06,53.88,2,6,51.49,4,4,4,4,1,0
0,49.8,60.33,51.75,54.385,50.82,49.05,49.5,53.88,0,8,51.56,4,4,4,4,1,0
3,57.46,65.12,0,0,54,49,48.47,54.82,0,0,51.5725,4,4,4,4,1,0
0,70.85,64.3,48.25,56.76,56.35,48.47,53.06,46.66,1,0,51.6,4,4,4,4,1,0
3,76,60,49.875,56.125,46,52.82,53.41,51.41,3,7,51.6,4,4,4,4,1,0
1,65.63,72.5,50.25,51.75,54.94,56.35,47.76,48.71,5,8,51.64,4,4,4,4,1,0
2,75.33,66.17,53.75,51.38,48.24,53.29,46.59,56.71,0,17,51.66,4,4,4,4,1,0
0,79.08,78.33,55.63,43.5,49.18,44.94,61.33,55.44,0,10,51.67,4,4,4,4,1,0
2,70.67,65.33,52.25,49.5,49.76,52.12,52.94,53.65,0,9,51.7,4,4,4,4,1,0
3,78.46,78.36,56.5,56.25,54.7,53.05,43.05,48,3,17,51.925,4,4,4,4,1,0
1,64.61,70.75,0,0,49.52,52.23,50.23,55.88,3,0,51.96,4,4,4,4,1,0
3,85.08,64.67,53.63,49.13,51.41,53.29,51.88,52.71,2,5,52.01,4,4,4,4,1,0
2,81.2,70.2,52.38,54.13,50,50.35,53.18,52.12,0,12,52.03,4,4,4,4,1,0
0,78.8,74,50.25,52.75,54.94,48.47,53.44,52.67,0,12,52.09,4,4,4,4,1,0
2,77.85,74.67,68.63,70.25,67.88,74.59,70,73.41,0,0,58.32,5,5,5,5,2,1
1,78,79.5,58.12,56.75,61.05,52.58,70.88,58.11,0,9,58.38,5,5,5,5,2,1
3,78.3,75.29,0,0,60.59,57.06,66.94,62.59,0,3,58.39,5,5,5,5,2,1
1,78.46,79.93,0,0,61.53,61.76,62.11,63.44,0,1,58.435,5,5,5,5,2,1
3,78.46,86.17,79,62.5,58.12,66.71,69.88,66.12,0,4,58.4375,5,5,5,5,2,1
1,78.53,77,56.13,64.13,58.94,62.94,58.94,53.18,0,1,58.48,5,5,5,5,2,1
1,78.53,84.9,0,0,66.82,62.94,68.33,64.22,0,4,58.585,5,5,5,5,2,1
1,78.76,74.33,53.37,65.12,64.58,59.88,65.88,66,0,3,58.6,5,5,5,5,2,1
2,78.77,83.07,0,0,62.35,59.18,59.76,67.76,0,13,58.65,4,4,4,4,2,1
1,71.2,73.17,49.5,56.75,52.24,53.06,46.12,55.41,2,15,52.16,4,4,4,4,1,0
3,79.076,73.72,0,0,62.12,56.71,61.88,58.77,0,2,58.736,4,4,4,4,2,1
1,79.23,77.81,0,0,55.52,57.88,66.88,61.11,0,3,58.74166667,4,4,4,4,2,1
1,79.23,75,61,63.25,69.76,69.53,65.41,68.47,0,2,58.84,4,4,4,4,2,1
1,79.38,80.21,0,0,58.82,58.59,69.22,72.44,0,2,58.87,4,4,4,4,2,1
1,79.38,76.65,0,0,68,62.23,70,69.88,0,1,58.91,4,4,4,4,2,1
3,79.38,82.14,0,0,63.88,66.94,75.06,73.41,0,3,58.965,4,4,4,4,2,1
1,79.53,75.68,0,0,70.82,69.52,69.66,68.77,0,1,59.02775,4,4,4,4,3,1
3,79.69,78.39,0,0,63.29,59.88,63.76,66.47,0,1,59.04,4,4,4,4,2,1
3,79.69,77.33,67.25,65.75,64.71,63.76,60.59,65.29,0,0,59.14,4,4,4,4,2,1
1,79.84,64.17,48.375,54.125,52.7,55.17,58.588,58.11,0,2,59.2,4,4,4,4,2,1
1,79.84,80.5,0,0,57.64,55.29,59.41,58.35,0,3,59.26,4,4,4,4,2,1
4,73.4,64,56.63,58,58.71,50.12,50.35,39.41,4,9,52.2,4,4,4,4,1,0
2,79.84,81.5,59.75,61.5,60,45.41,63.11,57.78,0,2,59.28,4,4,4,4,3,1
2,79.84,81.23,0,0,62.35,61.29,56.35,60.11,0,4,59.29,4,4,4,4,3,1
3,79.84,87.28,0,0,66.64,66.17,64.47,66.7,0,1,59.389,4,4,4,4,3,1
1,79.84,79.03,72.65,73.67,73.43,75.77,76.52,81.54,0,2,59.41333333,4,4,4,4,3,1
1,80,70,53,61,57.3,53.2,52.8,46.7,0,2,59.49,4,4,4,4,3,1
3,77.23,65,52.37,51.12,52,51.29,51.17,55.52,0,0,52.24,4,4,4,4,1,0
0,80.15,80.17,72.13,61,59.41,60.24,62,49.88,0,1,59.72,4,4,4,4,3,1
3,80.31,81.38,0,0,63.76,59.76,56.24,57.29,0,6,59.75,4,4,4,4,3,1
1,80.33,68.83,64.38,60.63,60,61.65,60.82,59.76,0,0,59.83616667,4,4,4,4,3,1
1,69.69,70.71,0,0,52.47,52.94,49.41,54.23,0,8,52.2625,4,4,4,4,1,0
0,80.6,83.8,70.63,61.13,59.29,69.88,61.76,60.59,0,4,59.87,4,4,4,4,3,1
1,80.66,84.1,0,0,61.411,56.7,57,61,0,1,59.89,4,4,4,4,3,1
2,63.6,66.56,0,0,55.65,53.53,49.06,50.94,0,8,52.29,4,4,4,4,1,0
2,82,76.5,52.5,59.88,54.12,48.71,51.76,46.82,0,17,52.3,4,4,4,4,1,0
1,80.76,84.68,0,0,55.64,66.58,61.52,66.35,0,1,59.9605,4,4,4,4,3,1
1,80.77,83.59,0,0,66.35,60.82,59.65,59.29,0,0,60.025,4,4,4,4,3,1
3,76.76,63.17,48.75,48.28,50.83,59.41,54,52.64,0,8,52.31,4,4,4,4,1,0
1,71.23,62.44,0,0,50.23,50,51.29,57.76,0,0,52.32,4,4,4,4,1,0
1,76.46,72.55,0,0,51.29,52.82,52.47,53.52,0,4,52.525,4,4,4,4,1,0
3,76.15,74,56.63,52.75,57.76,49.29,49.29,49.53,4,2,52.54,4,4,4,4,1,0
1,77.53,61.83,48.25,58,48.7,52.94,53.29,54.11,0,7,52.54833333,4,4,4,4,1,0
0,76.66,64.67,49.625,52.25,50.59,55.76,55.77,51.66,2,10,52.6,4,4,4,4,1,0
1,83.23,70.66,46,47.75,50.82,53.29,50.94,66.58,0,26,52.6,4,4,4,4,1,0
3,80.77,76,70.5,65.25,65.88,64.47,64.47,65.53,0,1,60.04,4,4,4,4,3,1
1,78,68.76,0,0,52.71,52.47,54.12,51.18,0,4,52.62,4,4,4,4,1,0
0,73.54,80.84,0,0,54.11,50,49.05,57.41,0,1,52.64,4,4,4,4,1,0
1,78.15,62.6,47.37,51.12,51.41,52.94,53.29,59.88,0,9,52.66,4,4,4,4,1,0
0,80.92,74.34,52.5,58.62,51.17,56,65.88,66.11,0,1,60.12,4,4,4,4,3,1
3,76.93,60.67,52.38,55.88,59.18,55.29,53.06,40.35,3,13,52.69,4,4,4,4,1,0
2,85.33,69.17,52.62,55.25,50.7,46.35,57.88,56.47,0,12,52.71,4,4,4,4,1,0
1,68,65.2,49.4,53.4,53.5,51.9,53.3,54.8,0,13,52.71666667,4,4,4,4,1,0
1,77.85,68.17,54,54,57.88,53.29,51.65,45.88,3,8,52.76,4,4,4,4,1,0
1,88.61,73.5,52.125,49.875,57.53,52.82,49.65,54.59,0,7,52.77,4,4,4,4,1,0
2,85.53,74.67,51.62,50.75,56.7,54.94,49.41,53.29,0,0,52.79,4,4,4,4,1,0
1,81.53,75.04,0,0,52.82,53.17,50.23,55.05,1,3,52.81,3,3,3,3,2,0
1,80.92,74.67,58.63,55.38,68.71,59.06,69.78,62.67,0,0,60.15,4,4,4,4,3,1
2,73.84,76.06,0,0,55.17,53.41,55.64,47.05,1,1,52.81,3,3,3,3,2,0
3,76.46,69.67,48.25,50.25,50.59,50.12,58.94,58.94,0,8,52.85,3,3,3,3,2,0
2,80,55.67,49.125,54.5,53.17,57.41,54.47,48.35,1,15,52.86,3,3,3,3,2,0
3,89.69,60,50.75,53.5,54.47,54.35,55.29,48.94,2,10,52.9,3,3,3,3,2,0
2,84.15,70.92,0,0,54,54.11,53.76,49.88,0,0,52.9375,3,3,3,3,2,0
1,82.15,82.33,53.88,55.5,52.24,52.35,52.24,51.65,0,4,52.94,3,3,3,3,2,0
1,73.85,65.83,51.75,54.75,51.65,52.24,52.82,54.47,2,6,52.94,3,3,3,3,2,0
1,79.69,57,52.75,52.5,50.59,52,55.88,55.06,0,12,53.14,3,3,3,3,2,0
2,85.23,84,53.75,58.63,52.59,52.71,52.35,48.94,0,8,53.16,3,3,3,3,2,0
3,80.92,82.55,0,0,61.18,63.88,67.41,74,0,0,60.16,4,4,4,4,3,1
1,81.07,67.17,53,53.75,51.76,63.05,57.41,68.94,0,1,60.204,4,4,4,4,3,1
4,81.07,78.84,0,0,52.7,58.58,58.94,66.58,0,1,60.23,4,4,4,4,3,1
2,81.07,80.5,0,0,67.29,61.76,60.94,65.52,0,1,60.24,4,4,4,4,3,1
3,81.08,80.76,0,0,55.65,62,65.06,67.53,1,0,60.293,4,4,4,4,3,1
1,81.23,85.31,0,0,64.82,64.94,68.35,69.76,1,3,60.305,4,4,4,4,3,1
0,81.38,80.5,0,0,60.58,69.64,68.35,68.94,0,2,60.3475,4,4,4,4,3,1
3,81.53,73.5,53,59.12,57.05,53.76,63.29,66.23,0,1,60.35,4,4,4,4,3,1
3,81.67,83.5,79.38,71.38,70.47,74.47,71.29,62.11,0,0,60.377,4,4,4,4,3,1
1,81.69,83.16,65.5,63.62,66.23,59.76,60.23,58.7,0,0,60.37833333,4,4,4,4,3,1
3,81.69,69.33,69.37,62.37,63.88,65.53,73.88,61.05,0,1,60.38,4,4,4,4,3,1
0,81.69,80.38,0,0,64.24,66.47,67.88,72.47,0,2,60.39,3,3,3,3,3,1
2,81.71,71.2,56.87,51.5,56.94,56.94,60.23,61.17,0,1,60.5,3,3,3,3,3,1
1,81.84,71,56.12,58.75,68.82,62,70.33,64.44,0,2,60.5,3,3,3,3,3,1
1,74.4,74.73,0,0,51.41,54.71,59.18,50,1,6,53.21,3,3,3,3,2,0
3,82,80.31,0,0,53.88,59.29,59.88,61.29,0,4,60.5,3,3,3,3,3,1
1,82,86.38,0,0,58.35,62.71,63.41,66.71,0,1,60.52,3,3,3,3,3,1
2,82,80.33,71.88,70.13,71.06,73.53,70,64.71,0,1,60.72,3,3,3,3,3,1
0,82.15,70.1,0,0,52.59,47.88,52.35,48.24,0,1,60.75,3,3,3,3,3,1
3,82.15,73.67,0,0,50.82,62.7,57.76,56.82,0,0,60.78,3,3,3,3,3,1
3,82.15,70.26,0,0,59.41,56.35,60.47,65.88,0,0,60.787,3,3,3,3,3,1
3,82.46,83.71,0,0,65.41,69.88,61.29,68.94,0,0,60.81,3,3,3,3,4,1
0,82.62,81.71,0,0,60,70.23,72.23,62.94,0,1,60.81,3,3,3,3,4,1
1,82.67,74.6,66.38,62.25,74.47,65.06,72.94,69.65,0,1,60.81,3,3,3,3,4,1
1,82.76,87.67,73,71.37,74.7,76.35,73.41,67.52,0,6,60.84,3,3,3,3,4,1
1,82.92,67.5,52.625,53.25,52,54.94,57.07,59.29,0,2,60.90833333,3,3,3,3,4,1
1,83.38,63.5,47.87,54.75,53.76,51.64,55.88,55.41,2,10,53.21833333,3,3,3,3,2,0
1,82.92,124.14,0,0,60.47,62.24,61.41,70.71,0,0,60.92,3,3,3,3,4,1
0,83.07,62,48,46.75,49.17,49.05,56.35,55.17,0,1,61.08,3,3,3,3,4,1
3,83.07,78.26,0,0,53.29,54.23,55.41,57.76,0,1,61.08,3,3,3,3,4,1
3,80,85.17,53.37,55.25,54.7,53.17,51.29,51.76,0,10,53.26,3,3,3,3,2,0
3,83.07,67.5,59.125,62,53.18,52.82,59.76,59.88,1,1,61.21,3,3,3,3,4,1
3,73.87,69.17,50,49.88,56.47,55.18,54.59,53.53,2,16,53.27,3,3,3,3,2,0
3,83.23,79.85,0,0,59.41,62.58,62.94,65.05,0,0,61.22,3,3,3,3,4,1
3,72.13,73.17,49.87,53.87,51.64,53.17,54,58,0,11,53.42,3,3,3,3,2,0
4,61.2,56.5,51.25,59.37,54,53.88,50.12,51.88,0,0,53.42,3,3,3,3,2,0
1,86.76,57.83,48.875,52.99,56.47,51.17,54.23,56.82,0,0,53.43,3,3,3,3,2,0
2,82.93,76.83,54.63,58.25,60,51.41,49.65,46.94,0,8,53.48,3,3,3,3,2,0
4,86.46,65.67,50.87,61.5,49.76,48.94,54,56.12,0,5,53.53,3,3,3,3,2,0
1,0.903,0.752,55.5,59.5,51.1,46.7,54,54.5,0,2,53.55,3,3,3,3,2,0
1,67.69,66.13,0,0,53.41,50.94,50,51,3,0,53.55,3,3,3,3,2,0
1,83.23,81.67,70.25,68,66.71,63.76,64.24,62.82,0,0,61.24,3,3,3,3,4,1
0,83.23,79.59,0,0,63.88,70.35,76.11,79.44,0,1,61.29,3,3,3,3,4,1
1,78.92,73.83,51.13,50.38,54.47,51.76,57.18,56.47,0,3,53.565,3,3,3,3,2,0
1,78.76,80.76,0,0,50.35,52.23,55.25,56.47,0,4,53.575,3,3,3,3,2,0
3,83.23,85.17,68.88,71.13,85.5,82,74.89,73.89,0,1,61.33,3,3,3,3,4,1
1,83.38,70.33,52.88,58,53.76,51.17,57.41,62,0,0,61.53,3,3,3,3,4,1
3,83.38,68.83,53.35,58,55.41,58.47,65.17,61.47,0,0,61.64,3,3,3,3,4,1
3,83.38,83.67,79.88,73.63,72.24,78.94,72.59,72.24,0,0,61.76,3,3,3,3,4,1
3,87.85,64.83,54.38,52.75,52,55.76,51.88,54.71,0,8,53.58,3,3,3,3,2,0
3,80,79.5,56.88,54,49.41,50.82,58.12,52.24,0,1,53.58,3,3,3,3,2,0
1,85.38,58.33,49.25,53.37,55.76,52.35,59.05,52,0,7,53.63,3,3,3,3,2,0
3,83.54,77,72.38,57.41,62.59,58.71,53.53,60.24,0,3,61.79,3,3,3,3,4,1
1,83.54,80.28,0,0,71.65,69.18,69.33,71.33,0,0,61.8,2,2,2,2,5,1
1,61.69,60.17,50.25,53.75,56,52.7,56.58,52.58,0,0,53.64333333,3,3,3,3,2,0
0,82.46,64.5,48.75,54.25,55.53,54.12,55.56,53.78,0,20,53.67,3,3,3,3,2,0
3,70.4,58.5,56,55.625,53.647,50.588,56.588,50,1,60,53.7,3,3,3,3,2,0
0,83.69,68.83,60.25,60.13,53.53,54.24,68.24,65.06,0,0,61.82,2,2,2,2,5,1
1,83.69,87.81,0,0,66.705,58,58.117,58.35,0,0,61.83333333,2,2,2,2,5,1
1,83.69,86.23,0,0,61.41,62.35,68.11,68.82,0,0,61.86,2,2,2,2,5,1
4,85.54,76.17,54.13,55.75,58.71,51.41,49.88,52.59,0,1,53.74,3,3,3,3,2,0
1,83.71,77.3,0,0,64.47,60.35,67.56,63,0,0,61.86,2,2,2,2,5,1
2,85.23,74,50.75,50.75,53.29,54.75,61.52,51.29,0,10,53.75,3,3,3,3,2,0
4,89.94,64.67,51.25,50.87,54,47.29,54.82,64.35,0,0,53.82,3,3,3,3,2,0
3,83.8,77.8,73.375,65,74.23,72.22,75.76,70.11,0,2,61.935,2,2,2,2,5,1
1,80.62,61,50,56.63,50.12,51.29,54.35,60.71,0,9,53.86,3,3,3,3,2,0
3,75.38,69.76,0,0,54.23,52,59.53,49.76,2,9,53.88,3,3,3,3,2,0
4,70.46,64.33,49.62,50.75,57.17,53.52,55.64,56.7,0,7,53.9,3,3,3,3,2,0
0,83.84,84.51,0,0,58.7,56.11,56.47,62.47,0,1,61.94,2,2,2,2,5,1
2,76.46,68,48.88,52.5,49.18,57.53,52.71,62.59,0,5,53.9,3,3,3,3,2,0
3,84,77.5,62,64,59.53,61.76,59.76,60.94,0,2,61.97,2,2,2,2,5,1
3,74.43,64.4,52.25,52.5,55.88,61.41,51.29,50.24,2,12,53.93,3,3,3,3,2,0
1,84,82.83,66.75,61.13,58,60.82,60.35,64.12,0,0,61.97833333,2,2,2,2,5,1
3,77.67,73.14,0,0,53.41,54.35,56.94,51.17,0,6,53.96,3,3,3,3,2,0
0,74,67,50.87,55.25,56.35,52,57.77,51.55,0,9,53.965,3,3,3,3,2,0
2,84,82.83,66.75,61.13,58,60.82,60.35,64.12,0,3,62.07,5,5,5,5,2,1
0,73.54,65.67,55,55.75,55.29,53.41,54.33,50.11,0,5,53.98,3,3,3,3,2,0
1,84,84.2,64.88,65.25,62.59,60.24,60.71,61.18,0,0,62.08,5,5,5,5,2,1
0,84,70.2,63.38,60.38,62.59,61.76,65.88,69.18,0,1,62.14,5,5,5,5,2,1
1,84,84.41,0,0,65.18,64.94,62.59,65.41,0,0,62.16,5,5,5,5,2,1
1,83.69,82.48,0,0,59.64,52.35,53.29,50.82,0,5,54.025,3,3,3,3,2,0
1,69.69,71.52,0,0,50.82,56,56.58,53.29,0,0,54.1725,3,3,3,3,2,0
0,84,83.31,0,0,58.59,60.94,66.47,73.53,0,1,62.16,5,5,5,5,2,1
0,84,84.34,0,0,67.65,68.23,69.05,61.41,0,0,62.21,5,5,5,5,2,1
1,80.73,61.83,54.88,61.25,52.35,50.71,54.94,51.53,2,12,54.2,3,3,3,3,2,0
2,76,73.5,53.63,59.13,55.41,53.29,54.71,49.18,0,0,54.22,3,3,3,3,2,0
3,65.47,51.5,0,0,56.35,56.12,51.29,53.18,0,6,54.24,3,3,3,3,2,0
1,84,78.67,81.13,76,72.24,72,70.71,71.29,0,0,62.26,5,5,5,5,2,1
3,84,67.5,54.625,59.375,53.294,53.647,56.235,48.352,2,0,54.25,3,3,3,3,2,0
4,84.15,76.13,0,0,63.41,62.76,69.55,63.11,0,1,62.3395,5,5,5,5,2,1
1,84.15,83.5,0,0,60.59,66.24,66.47,66.12,0,0,62.34,5,5,5,5,2,1
4,82.15,78,53,48.25,53.88,52.35,60.71,57.29,0,2,54.25,3,3,3,3,2,0
2,84,65,55.25,55.75,52.47,54.35,56.47,51.52,1,6,54.258,3,3,3,3,2,0
0,84.15,83.5,62,68.63,71.18,70.47,72.59,75.76,0,0,62.37,5,5,5,5,2,1
3,78.92,84.29,0,0,57.76,57.88,48.58,52.82,2,7,54.26,3,3,3,3,2,0
2,85.69,75.33,57.63,57.13,55.29,53.06,54.82,47.65,0,5,54.26,3,3,3,3,2,0
4,83.54,69.83,52,57.38,56.47,51.53,53.76,54.71,0,7,54.31,3,3,3,3,2,0
3,86.76,80.63,0,0,55.88,58.58,53.41,49.64,2,5,54.3775,3,3,3,3,2,0
3,80.46,76.67,53.5,57,55.18,53.88,50.71,56.35,0,6,54.44,3,3,3,3,2,0
0,74,63.38,0,0,52.94,52.47,57.44,55,2,2,54.4625,3,3,3,3,2,0
2,84.8,65.17,51.25,53.25,50.47,53.29,57.76,60.94,0,6,54.5,3,3,3,3,2,0
4,82.3,75.67,51.375,55.375,54.35,52.47,52.94,60.82,0,16,54.555,3,3,3,3,2,0
4,85.07,59,51.75,52.63,54.47,52,53.37,63.05,0,6,54.6,3,3,3,3,2,0
0,83.69,69.5,0,0,55.41,55.52,56.55,51,0,0,54.62,3,3,3,3,2,0
1,76.4,63.4,47.87,57.37,56.47,48.7,55.52,62.23,0,10,54.69333333,3,3,3,3,2,0
2,91.53,85.2,0,0,53.05,61.76,51.5,52.5,1,7,54.7025,3,3,3,3,2,0
1,76.46,64.33,47.625,52.5,53.647,57.05,56.82,60.7,0,0,54.72,3,3,3,3,2,0
2,72.77,67.17,50.63,54.5,55.53,56.24,59.41,52,1,11,54.72,3,3,3,3,2,0
3,85.38,82.5,61.38,53.88,54,55.76,52.59,50.82,2,1,54.74,3,3,3,3,2,0
0,87.38,68.83,54.37,53.87,58.7,51.29,60.66,49.88,2,4,54.79,3,3,3,3,2,0
1,84.76,74.39,0,0,53.76,52.59,54,58.82,0,3,54.7925,3,3,3,3,2,0
3,69.53,73.94,0,0,53.52,55.64,57.05,53.05,0,1,54.815,3,3,3,3,2,0
2,84,85.67,54.75,54.5,56.82,54.47,56,52.47,0,7,54.835,3,3,3,3,2,0
1,85.23,67.13,0,0,57.52,49.29,55.64,57.05,0,1,54.88,3,3,3,3,2,0
0,73.2,82.83,0,0,63.41,48.35,53.89,54,0,7,54.91,3,3,3,3,2,0
3,71.07,67.83,49.25,56,57.18,57.29,0,0,0,16,54.93,3,3,3,3,2,0
3,84,76,53,59,53,55,57,53,1,0,55,3,3,3,3,2,0
1,81.2,79.73,52.5,57.38,55.65,50.35,54.35,59.76,0,0,55,3,3,3,3,2,0
2,82.15,73.67,54.62,55,53.29,53.65,57.53,56,0,6,55.02,3,3,3,3,2,0
1,66,78.9,0,0,51.41,53.88,53.52,61.29,0,2,55.025,3,3,3,3,2,0
0,82.62,79.6,0,0,50.47,51.41,62,55.78,0,4,55.03,3,3,3,3,2,0
2,83.6,69.66,54.37,57.37,56.47,55.29,53.76,53.05,0,6,55.05,3,3,3,3,2,0
4,80.62,76.33,55.63,57.88,56.35,58.12,50.94,51.41,1,2,55.05,3,3,3,3,2,0
3,84.3,62.33,53,53.625,64.23,54.58,63.05,59.88,0,2,62.4,5,5,5,5,2,1
1,84.3,84.58,0,0,65.53,66.24,76.94,76.59,0,1,62.4288,5,5,5,5,2,1
1,84.46,82.5,58.75,65.25,59.88,51.65,56.7,57.06,0,0,62.47,5,5,5,5,2,1
1,84.46,77.83,66.5,67.63,62,73.06,68.82,64.94,0,1,62.47166667,5,5,5,5,2,1
3,84.6,75.4,71.25,63.875,63.29,65.53,68.588,62,0,1,62.48,5,5,5,5,2,1
1,84.61,0,0,0,61.41,51.88,55.41,61.52,0,0,62.48916667,5,5,5,5,2,1
3,86.3,85.24,0,0,57.29,56.35,50.58,56,0,4,55.055,3,3,3,3,2,0
3,84.61,85.26,0,0,62.94,72,69.17,69.76,0,2,62.495,5,5,5,5,2,1
1,88.62,75.83,56.75,54.63,54,55.53,55.41,54.24,0,4,55.08,3,3,3,3,2,0
2,84.62,81.5,72.38,70.75,63.88,70.71,60.59,69.88,0,0,62.5225,5,5,5,5,2,1
3,84.76,86.91,0,0,56.94,67.17,67.64,62.82,0,1,62.5575,5,5,5,5,1,1
1,84.77,78.33,60.38,63.63,65.41,59.06,62.44,68,0,0,62.56,5,5,5,5,1,1
3,84.77,82.76,0,0,59.53,66.71,62,68.35,0,1,62.58,5,5,5,5,1,1
3,84.77,81.31,0,0,69.18,73.29,68.71,77.65,0,1,62.58,5,5,5,5,1,1
0,84.92,76,57.625,58.375,65.176,56.235,57.647,64.705,0,1,62.61,5,5,5,5,1,1
1,84.92,91,72.5,68.75,59.76,68.7,67.52,65.29,0,1,62.63,5,5,5,5,1,1
3,85.07,81.03,68.875,58.625,64.94,66.23,67.88,58.94,0,0,62.635,5,5,5,5,1,1
1,85.07,79.75,0,0,82,74.7,72.67,74.77,0,1,62.65,5,5,5,5,2,1
3,85.08,77,55.5,55.88,58.47,59.06,61.29,58.82,0,0,62.67,5,5,5,5,2,1
3,85.23,81.16,58.62,59.25,54,53.17,57.29,62,0,5,62.675,5,5,5,5,2,1
2,85.23,74.83,67,61.38,57.53,53.88,54.59,58.82,0,0,62.7,5,5,5,5,2,1
1,84.14,75.25,0,0,53.41,51.64,54.58,60.82,1,5,55.11,3,3,3,3,2,0
1,85.23,83.83,67.5,57.5,59.76,53.76,63.89,65.33,0,0,62.79,5,5,5,5,2,1
2,85.38,72.67,55.63,49.38,55.64,56.11,58.58,55.29,0,5,55.11,3,3,3,3,2,0
2,85.23,89.93,0,0,58.35,65.65,57.88,70.71,0,0,62.86,5,5,5,5,2,1
1,85.23,85.17,69,56,68.47,63.06,62.47,65.53,0,1,62.87,5,5,5,5,2,1
3,85.23,83.1,0,0,61.64,60.58,70.11,70.58,0,1,62.94,5,5,5,5,2,1
3,87.2,77,51.25,56.5,54.71,55.65,55.06,57.53,0,7,55.12,2,2,2,2,3,0
0,85.23,83.67,72.38,64.25,66,71.76,70,68.71,0,2,63.15,5,5,5,5,2,1
1,85.286,81.5,57.625,67.5,65.294,55.764,58.47,57.176,0,3,63.15,5,5,5,5,2,1
0,85.38,69.5,48,56.25,54.11,51.88,55.17,59.17,0,3,63.24,5,5,5,5,2,1
2,81.07,63.5,65.62,56,49.88,48.35,58.35,52.58,0,19,55.13,2,2,2,2,3,0
3,85.38,76.38,0,0,77.17,72.23,79,80.44,0,2,63.3,5,5,5,5,2,1
1,85.53,79.5,56.13,55.37,60.11,53.76,61.52,64.7,0,1,63.35,5,5,5,5,2,1
1,81.53,78.17,55.52,56.625,53.764,54.7,51.88,58.35,0,0,55.13983333,2,2,2,2,3,0
1,85.53,65.83,53.63,60.38,59.41,57.06,61.76,64.24,0,0,63.38,5,5,5,5,2,1
1,70.92,68.17,50.63,55.75,54.59,54.94,55.53,59.18,0,7,55.14,2,2,2,2,3,0
4,78.46,75,56.63,56.5,56.94,49.41,53.41,58,0,5,55.15,2,2,2,2,3,0
0,71.53,72.07,0,0,50.35,53.64,59.11,57.55,1,3,55.1625,2,2,2,2,3,0
4,74.15,78.53,0,0,60.12,54.71,51.06,54.94,0,3,55.21,2,2,2,2,3,0
3,62.27,54.83,53.25,56,54.94,54.71,56.47,56,2,10,55.23,2,2,2,2,3,0
1,68.53,80.9,0,0,52.24,55.18,59.18,54.35,0,6,55.24,2,2,2,2,3,0
4,81.23,79.67,49.75,57,56.94,54.12,57.65,56,0,6,55.24,2,2,2,2,3,0
1,82.3,72.83,51.38,56.63,57.29,52.7,56,57.76,1,5,55.29,2,2,2,2,3,0
0,68.3,67.88,0,0,58.82,52.82,61.66,48,2,1,55.325,2,2,2,2,3,0
0,84.15,62.5,49,54.88,54.35,50,64.11,59.78,0,5,55.35,2,2,2,2,3,0
3,82.15,86.73,0,0,57.41,54.94,52,57.18,2,3,55.38,2,2,2,2,3,0
3,66.67,85.7,0,0,60.59,58.59,48.82,54.12,1,8,55.53,2,2,2,2,3,0
1,85.53,83.03,0,0,62.35,64.11,59.76,63.41,0,0,63.40633333,5,5,5,5,2,1
1,80.15,66.67,53.5,61.5,57.76,53.88,51.53,55.53,0,0,55.58,2,2,2,2,3,0
4,79.69,68.83,50,51.12,55.05,49.41,59.88,63.41,0,9,55.63,2,2,2,2,3,0
4,78.77,77.47,0,0,60.59,54.24,53.76,54,0,3,55.65,2,2,2,2,3,0
1,78.15,79.17,49.38,54.5,52.94,55.18,57.53,64.24,0,6,55.7,2,2,2,2,3,0
0,79.69,78,48.625,51.125,58.35,52.59,52.89,70.67,0,10,55.71,2,2,2,2,3,0
0,79.38,65.53,0,0,52.35,55.52,62.22,52.77,3,1,55.715,2,2,2,2,3,0
0,85.53,71.83,55.38,58.38,68,60.12,71.56,68.44,0,1,63.41,5,5,5,5,2,1
1,85.53,81.67,65,66.5,73.76,73.29,72.59,72,0,2,63.435,5,5,5,5,2,1
1,82.61,73.61,0,0,53.29,54.94,54.24,60.59,0,2,55.76,2,2,2,2,3,0
3,85.54,84.55,0,0,68,67.88,70.35,67.53,0,1,63.44,5,5,5,5,2,1
3,89.69,79,59.38,57.25,53.76,53.65,55.53,55.06,0,3,55.77,2,2,2,2,3,0
3,80.46,71,55.5,51.125,52.94,59.64,62.23,53.29,0,6,55.78,2,2,2,2,3,0
3,81.6,75.8,58.25,56.12,55.76,53.05,51.76,60,2,21,55.8,2,2,2,2,3,0
1,76.46,61,52,59.35,52.23,53.76,56.7,60.94,0,6,55.83,2,2,2,2,3,0
1,87.23,71.83,48,52.37,60.47,54.7,56,63.41,0,5,55.83,2,2,2,2,3,0
0,62.92,73.25,0,0,50,48.23,57.77,58.55,0,0,55.96,2,2,2,2,3,0
2,91.23,79.6,0,0,53.17,65.17,54.11,51.41,2,3,55.965,2,2,2,2,3,0
3,85.54,91.2,72.5,74,74.71,74.71,74,74.35,0,0,63.47,5,5,5,5,2,1
3,71.23,69.83,57.5,59.25,56.7,55,55.7,51.76,1,2,55.975,2,2,2,2,3,0
0,84.46,80.13,0,0,57.05,51.8,58.77,57.11,0,3,56,2,2,2,2,3,0
1,83,64,52,58,56,53,55,62,0,5,56,2,2,2,2,3,0
3,77.69,66.17,53.125,53.125,56.7,59.29,55.18,58.59,0,6,56,2,2,2,2,3,0
1,85.69,70.83,61,59.375,61.53,53.53,61.41,62.47,0,2,63.5,5,5,5,5,2,1
1,85.69,84.67,56.25,63.5,68,62.35,61.88,60.47,0,0,63.54,5,5,5,5,2,1
3,85.69,76.33,66.875,66.625,64.235,61.88,62.118,58.705,0,0,63.64,5,5,5,5,2,1
0,85.69,80.71,0,0,64.94,61.64,67.52,72,0,0,63.67,5,5,5,5,2,1
1,85.69,84.83,0,0,66.12,67.65,66.59,68.12,0,0,63.71,5,5,5,5,2,1
1,85.69,84.83,0,0,66.12,67.65,66.59,68.12,0,1,63.76,5,5,5,5,2,1
3,85.69,72.17,73.5,74.75,84.82,78.47,74.47,73.29,0,1,63.83,5,5,5,5,3,1
0,85.71,67,63.5,65.125,70.82,72.23,75.41,70.11,0,1,63.85,5,5,5,5,3,1
1,85.84,76.67,51,61.5,58.35,55.5,60.58,68.8,0,0,63.85,5,5,5,5,3,1
1,85.84,84.57,0,0,66.35,66.47,64.94,67.29,0,1,63.86,5,5,5,5,3,1
1,85.84,73.67,66.125,71.875,74.7,64.82,68.66,71.22,0,0,63.87,5,5,5,5,3,1
0,85.85,84.62,0,0,56.82,64.24,62.82,66.71,0,0,63.875,5,5,5,5,3,1
3,85.85,83.33,0,0,65.65,60.35,65.22,64.67,0,0,63.88,5,5,5,5,3,1
2,85.85,78.17,57.5,67.75,67.06,67.76,68.82,69.41,0,1,63.92,5,5,5,5,3,1
0,85.85,82.33,75.63,70.63,71.41,68.35,71.18,67.88,0,0,63.97,5,5,5,5,3,1
3,86,69.8,58.875,60.5,55.41,60.35,59.52,57.7647,0,0,63.97,5,5,5,5,3,1
0,64.92,80.97,0,0,0,0,55.89,56.11,0,0,56,2,2,2,2,3,0
3,86,91.8,75.38,67.25,61.53,67.29,63.53,62.59,0,0,63.978,5,5,5,5,3,1
3,86,81.8,0,0,63.29,61.29,71.18,74.24,0,0,63.98,5,5,5,5,3,1
0,86,91.83,74.13,67.75,74.71,69.18,63.53,67.76,0,0,64,5,5,5,5,3,1
0,86,82.45,0,0,70,70.24,68.24,72.71,0,1,64.01,5,5,5,5,3,1
1,86.15,79.89,0,0,61.05,58.82,61.41,65.29,0,0,64.09,5,5,5,5,3,1
0,87.54,77.83,49.25,49,64,56.35,61.22,56.44,0,6,56.04,2,2,2,2,3,0
0,86.15,76.83,62.25,71,63.64,56.7,57.41,60,0,0,64.11,5,5,5,5,3,1
1,86.15,85,62.75,60,68.71,58.59,63.53,69.53,0,0,64.15,5,5,5,5,3,1
1,86.15,78.67,59.63,63.13,66.12,67.53,63.53,65.29,0,0,64.15,5,5,5,5,3,1
1,86.15,88.86,0,0,63.52,67.29,69.05,72.23,0,0,64.15,5,5,5,5,3,1
2,86.15,83.87,0,0,69.65,66.24,72,73.06,0,0,64.2,5,5,5,5,3,1
2,86.2,82.33,57.125,66.375,67.65,64.12,65.88,70.23,0,1,64.27,5,5,5,5,3,1
4,86.3,61.16,68,64.75,59.06,59.18,64.94,59.88,0,0,64.31,5,5,5,5,3,1
1,86.3,68,64.37,61.87,66.58,70.7,67.64,66.35,0,0,64.315,5,5,5,5,3,1
2,68.4,56.14,52.5,49.25,56.24,58,60.35,60,0,0,56.06,2,2,2,2,3,0
4,77.38,75.88,0,0,54.12,55.88,57.76,56.47,0,3,56.06,2,2,2,2,3,0
3,86.31,82.83,69.75,64.13,61.76,68.12,67.18,70.35,0,0,64.3775,5,5,5,5,3,1
1,86.31,89.33,78.38,74.75,66.47,76.12,80.59,78.71,0,1,64.38,5,5,5,5,3,1
1,86.43,73.83,64,62.75,73.65,65.76,66,67.33,0,0,64.44,5,5,5,5,2,1
1,89.08,75.67,54.88,58.88,56.94,56.59,56.12,53.29,0,3,56.1,2,2,2,2,3,0
1,86.46,84.5,65.13,63.75,59.41,63.53,62.12,60.94,0,0,64.53,5,5,5,5,3,1
0,75.07,69.69,0,0,61.64,56.47,56.11,50.22,2,0,56.11,2,2,2,2,3,0
0,81.23,70.69,0,0,54.94,54.82,58.77,56,1,0,56.13,2,2,2,2,3,0
3,80,74.67,52,58,55.29,58.35,58.82,54.47,0,5,56.15,2,2,2,2,3,0
2,64.8,72,63.25,56.63,60,53.18,54,50.12,3,2,56.19,2,2,2,2,3,0
2,83.54,86.06,0,0,59.53,58.12,51.06,0,0,2,56.24,2,2,2,2,3,0
3,83.07,68,52,53.62,53.76,57.29,60.23,60.7,0,8,56.26,2,2,2,2,3,0
1,73.23,83.03,0,0,54.59,54.94,54.71,60.82,0,1,56.26,2,2,2,2,3,0
4,90.3,74.67,54.25,50.5,57.64,53.05,58.23,64,0,2,56.27,2,2,2,2,3,0
1,86.46,81.57,0,0,71.76,68.59,72.24,73.65,0,0,64.56,5,5,5,5,3,1
1,76.77,80.42,0,0,60.47,54,54.35,56.47,0,4,56.32,2,2,2,2,3,0
1,86.61,60.5,58.12,58.75,64.7,58.11,59.41,66,0,0,64.57166667,5,5,5,5,3,1
3,78.6,76.67,54.38,55.88,56,57.06,54.35,60.24,1,1,56.32,2,2,2,2,3,0
0,73.07,70.3,51.37,54.25,63.41,52.11,56.22,60,0,6,56.33,2,2,2,2,3,0
0,83.85,80.14,0,0,0,53.06,58.67,57.11,0,1,56.34,2,2,2,2,3,0
0,72.92,71.23,0,0,53.52,56,63,52.88,1,0,56.35,2,2,2,2,3,0
3,89.84,70.67,51.5,57.625,54.82,57.41,57.52,59.76,0,4,56.39,2,2,2,2,3,0
0,84.46,68.5,52.37,55.25,57.88,55.44,59.66,57.77,0,7,56.395,2,2,2,2,3,0
0,87.53,71.47,0,0,54.47,51.52,62.44,57.22,0,0,56.4125,2,2,2,2,3,0
1,86.61,82,0,0,61.64,71.88,66.7,61.88,0,1,64.61,5,5,5,5,3,1
0,86.61,87.9,0,0,69.5,79.6,76.35,70.7,0,0,64.7,5,5,5,5,3,1
2,74.46,73.03,0,0,56.35,57.41,57.17,54.82,0,0,56.43,2,2,2,2,3,0
3,74.77,62.5,51.75,57.63,54.94,55.06,58.35,60.94,0,7,56.44,2,2,2,2,3,0
0,86.62,76.33,65.88,59.25,59.76,57.06,61.11,69.78,0,0,64.72,5,5,5,5,3,1
0,86.62,85.72,0,0,65.65,62.82,66.59,64.47,0,2,64.77,5,5,5,5,3,1
3,86.77,85,73.5,67.25,72.24,71.41,73.88,74.12,0,0,64.8175,5,5,5,5,3,1
3,85.38,75,52.38,58.63,58.82,57.53,53.65,57.76,2,7,56.46,2,2,2,2,3,0
3,82.71,60.67,58.12,67.25,52.82,50.58,55.29,55.17,0,14,56.53,2,2,2,2,3,0
2,77.07,62.83,56.67,53.5,54.47,58.8,58.2,58,0,4,56.6,2,2,2,2,3,0
0,87.08,82.17,57.38,54.38,53.65,55.76,61.78,56.78,0,4,56.62,2,2,2,2,3,0
1,88.62,82.33,53.25,57.5,53.65,56.82,55.65,62.82,0,8,56.64,2,2,2,2,3,0
1,89.69,83.67,63.5,57.13,52.82,52.94,56.12,57.88,1,4,56.66,2,2,2,2,3,0
1,86.8,76.5,65.5,60.13,64,57.29,58.35,59.06,0,0,64.85,4,4,4,4,4,1
1,86.86,80.5,67.13,64.75,67.06,64.94,71.67,66,0,2,64.88,4,4,4,4,4,1
3,80,70,67.48,61.16,58.82,62.67,78.22,75.38,0,2,56.69,2,2,2,2,3,0
1,86.86,80.5,67.13,64.75,67.06,64.94,71.67,66,0,0,64.88,4,4,4,4,4,1
1,86.92,86.63,0,0,61.41,61.41,58,69.88,0,0,64.88,4,4,4,4,4,1
0,86.92,81.83,65.25,65,65.53,66.71,63.65,68,0,0,64.89,4,4,4,4,4,1
1,86.92,87.5,60.38,68.75,71.06,69.41,65.53,69.65,0,2,65.08,4,4,4,4,4,1
0,86.92,88.97,0,0,69.41,71.29,69.54,67.76,0,1,65.152,4,4,4,4,4,1
0,69.4,80.67,0,0,55.53,52.12,56.22,62.56,0,1,56.69,2,2,2,2,3,0
0,86.92,86.67,77.88,74.75,79.88,73.53,76.12,77.76,0,0,65.16,4,4,4,4,4,1
3,86.923,78.3333,54.5,58.375,61.0588,58.1176,51.647,57.647,0,0,65.17,4,4,4,4,4,1
1,87.07,73.94,0,0,64.23,59.41,62.82,65.05,0,0,65.2575,4,4,4,4,4,1
3,87.07,86.91,0,0,62.82,70.58,66.23,71.29,5,3,65.265,4,4,4,4,4,1
4,87.23,72.83,58.62,52.75,53.76,49.52,59.11,57.44,0,0,65.3,4,4,4,4,4,1
2,87.23,81.67,60.12,66,58.59,54.59,55.64,54,0,1,65.37,4,4,4,4,4,1
3,87.23,78.17,57.75,55.125,72,60.353,66.889,67.33,0,0,65.41,4,4,4,4,4,1
1,87.23,82.17,71,70.375,71.88,60.82,62.35,63.05,0,0,65.41,4,4,4,4,3,1
3,69.38,82.67,0,0,61.05,59.76,48.47,57.52,2,4,56.7,2,2,2,2,3,0
3,63.69,65.5,52.12,53.62,55.88,58.7,62.35,57.64,0,10,56.71,2,2,2,2,3,0
1,87.23,88.17,67.87,65,72.35,66.23,70.11,74.35,0,0,65.41,4,4,4,4,3,1
3,87.38,0,0,0,61.17,58.7,68,67.64,0,2,65.525,4,4,4,4,3,1
0,55.73,82.61,0,0,61.41,50.59,59.44,55.44,0,4,56.72,2,2,2,2,3,0
0,87.38,75.33,50.75,56.87,52.94,58.35,57.76,58.94,0,0,65.58,4,4,4,4,3,1
0,87.38,86.33,62.37,65.37,64,60,63.64,65.88,0,1,65.58,4,4,4,4,3,1
0,87.38,79.17,71.88,66,61.76,63.53,66.94,71.06,0,1,65.58,4,4,4,4,3,1
1,87.38,82.33,74.38,67,70.94,72.82,73.76,70.59,0,0,65.61,4,4,4,4,3,1
0,87.38,89.33,83.63,81.5,76.12,84.35,82.47,80.24,0,0,65.645,4,4,4,4,3,1
2,87.4,79,64.37,62.75,67.76,70,66,66.94,0,1,65.69,4,4,4,4,3,1
3,87.53,75.17,61.37,62.87,55.64,55.29,56.58,68.7,0,0,65.708,4,4,4,4,3,1
1,81.23,71.83,52.5,55.13,52.59,59.29,57.88,62.71,0,3,56.74,2,2,2,2,3,0
1,87.53,76.33,55.25,65,62,59.29,62.59,60.59,0,0,65.7275,4,4,4,4,3,1
0,87.69,75.83,68.88,58.5,61.18,60.35,56.47,57.65,0,1,65.73,4,4,4,4,3,1
3,79.38,85.81,0,0,57.76,54.7,54.82,59.76,0,5,56.76,2,2,2,2,3,0
3,87.69,85.17,65.13,60.63,62.59,64.71,67.53,57.06,0,0,65.756,4,4,4,4,3,1
3,69.23,63.67,55.75,59.38,57.06,53.76,57.53,57.41,0,3,56.81,2,2,2,2,3,0
1,79.6,66.2,52.13,55.38,56.35,57.18,56.94,62.59,0,4,56.82,2,2,2,2,3,0
0,87.69,77,64.63,65.13,71.88,68.24,65.06,73.18,0,2,65.83,4,4,4,4,3,1
1,87.69,84.61,0,0,75.64,67.17,71.29,71.41,0,0,65.84,4,4,4,4,3,1
3,86.92,83.5,61,53.375,59.17,57.411,59.529,50.588,2,0,56.84,2,2,2,2,3,0
0,82.57,66.43,55.88,56.63,61.88,52.35,61.11,53.22,0,4,56.84,2,2,2,2,3,0
3,76.62,69.33,52.38,57,57.88,55.06,54,64.71,0,6,56.84,2,2,2,2,3,0
1,72.46,80.55,0,0,56.82,53.06,57.41,60.12,0,4,56.85,2,2,2,2,3,0
3,87.84,75.83,54.25,64.375,60.941,60.117,57.764,64.823,0,0,65.86,4,4,4,4,3,1
3,79.4,78,59,53.88,52.94,60.35,59.88,55.06,0,1,56.85,2,2,2,2,3,0
0,78.27,70,53.25,60.88,61.06,51.06,58.33,56.56,0,11,56.86,2,2,2,2,3,0
1,82,70.96,0,0,57.17,51.52,55.29,63.52,0,5,56.87,2,2,2,2,3,0
3,86.76,71.33,49.62,56,56.94,60.33,57.17,60.23,0,11,56.88,2,2,2,2,3,0
0,87.84,76.61,0,0,70.24,61.52,68.67,62.89,0,1,65.92,4,4,4,4,3,1
2,83.07,57.33,48.5,55,55.64,61.41,58.7,62.11,0,16,56.89,2,2,2,2,3,0
3,83.6,82.17,55.63,48.38,51.18,59.76,63.65,62.82,0,6,56.9,2,2,2,2,3,0
3,80.46,77.67,62.88,60.63,57.29,53.65,52.71,54.24,0,6,56.9,2,2,2,2,3,0
3,86.15,80.04,0,0,57.17,59.05,57.76,53.88,0,3,56.96,2,2,2,2,3,0
4,80.77,66.83,51.53,60,54.82,48.24,61.29,65.88,0,3,56.96,2,2,2,2,3,0
3,87.84,75.833,64.25,68.25,70.7,65.3,62.11,66.35,0,0,65.96,4,4,4,4,3,1
3,87.85,85.17,61.88,59.75,64.24,69.41,73.78,76.67,0,0,65.995,4,4,4,4,4,1
3,87.85,86.09,0,0,72,71.29,72.82,74.82,0,0,66.01,3,3,3,3,4,1
3,81.23,74.67,51,57.12,57.76,57.18,60.82,57.65,0,3,56.98,2,2,2,2,3,0
3,88,74,63.63,66.13,65.88,61.29,65.06,63.88,0,2,66.02,3,3,3,3,4,1
0,88,81.53,0,0,66.47,61.65,65.22,69,0,1,66.06,3,3,3,3,4,1
0,85.85,75,62.25,50.25,62.59,52.94,56.67,57.22,0,1,56.99,2,2,2,2,3,0
1,88,81.83,59.375,63,65.64,70,73.88,70.588,0,0,66.16,3,3,3,3,4,1
1,82,78.67,0,0,58.47,55.52,55.05,58.94,0,1,56.995,2,2,2,2,3,0
0,54.15,65.94,0,0,56.82,56.23,61.33,53.66,1,0,57,2,2,2,2,3,0
0,87.38,60.69,0,0,53.88,52.47,62.11,57.33,0,0,57,2,2,2,2,3,0
0,88,85.33,69.5,69.13,73.29,68.47,72.94,72,0,0,66.18,3,3,3,3,4,1
1,76.4,86.94,0,0,54.47,58.94,56.82,57.76,0,0,57,2,2,2,2,3,0
3,67.33,72.64,0,0,58.12,61.65,53.18,55.18,0,11,57.03,2,2,2,2,3,0
3,69.84,87.58,0,0,58.58,53.64,55.52,60.47,0,7,57.0525,2,2,2,2,3,0
3,84.61,86.67,0,0,57.29,56.7,56.7,57.52,2,3,57.0525,2,2,2,2,3,0
1,84.77,82.55,0,0,51.29,57.65,58.12,61.18,0,1,57.06,2,2,2,2,3,0
3,88,83.17,74.5,70.38,80.24,78.82,70.35,78.94,0,0,66.19,3,3,3,3,2,1
3,89.23,70.17,53,53.25,56.71,56.35,63.29,60.24,0,7,57.14,2,2,2,2,3,0
3,64.8,87.33,0,0,60.12,63.06,52.24,53.18,2,3,57.15,2,2,2,2,3,0
1,88.15,86.63,0,0,61.17,58.47,61.41,66.82,0,1,66.24,3,3,3,3,4,1
3,86.46,70.17,52.12,57,55.76,62.11,55.88,60.11,0,2,57.16,2,2,2,2,3,0
2,88.15,82.85,0,0,69.29,62.59,68.89,73.56,0,0,66.24,3,3,3,3,4,1
3,88.15,84.17,67.5,69.13,77.65,71.53,69.65,75.65,0,0,66.244,3,3,3,3,4,1
2,88.15,79.93,0,0,74.24,70.35,73.22,77.56,0,0,66.25,3,3,3,3,4,1
3,88.27,74.17,69.63,63.63,63.18,63.29,63.88,71.41,0,0,66.26,3,3,3,3,4,1
3,88.3,78.5,65.85,61.25,68.11,54.47,57.64,61.05,0,0,66.2625,3,3,3,3,4,1
1,88.3,79.54,71.125,68.375,65.176,64.47,71.29,58.35,0,1,66.27333333,3,3,3,3,4,1
2,88.3,82.97,0,0,69.7647,61.88,68.94,73.29,0,0,66.3,3,3,3,3,4,1
3,88.31,83.72,0,0,59.76,64.59,67.65,69.65,0,2,66.32,3,3,3,3,4,1
2,88.46,84.06,0,0,54.47,55.52,56.58,67.17,0,0,66.35,3,3,3,3,4,1
3,80.92,77.17,59.375,60.25,57.05,57.88,58.11,50.35,2,2,57.16,2,2,2,2,3,0
2,88.46,85.91,0,0,59.06,64.35,63.06,68.59,0,0,66.36,2,2,2,2,5,1
3,88.46,80.2,0,0,64.24,61.88,64.44,65.44,0,0,66.38,2,2,2,2,5,1
3,88.46,83.33,59.25,63.88,66,64.23,63.18,70.11,0,1,66.38,2,2,2,2,5,1
0,88.46,81.17,65.125,71.125,67.53,64.705,66.235,59.53,0,0,66.43,2,2,2,2,5,1
1,93.4,82.8,65.75,55,53.18,54.94,54.12,60.35,0,2,57.16,2,2,2,2,3,0
3,72.61,78.06,0,0,56.58,55.52,59.05,57.52,0,0,57.1675,2,2,2,2,3,0
0,66.46,75.13,0,0,59.52,56.7,62.11,50.55,1,4,57.2,2,2,2,2,3,0
3,88.46,88.5,73.63,65.88,64.71,69.88,73.18,78.71,0,0,66.465,2,2,2,2,5,1
1,88.46,88.5,73.63,65.88,64.71,69.88,73.18,78.71,0,0,66.5,2,2,2,2,5,1
1,84.86,64.83,60.63,55.75,57.53,52.24,55.65,61.53,0,4,57.2,2,2,2,2,3,0
1,88.46,87,68.88,67.5,70.59,74.59,70.35,75.06,0,1,66.52,2,2,2,2,5,1
2,88.46,86.83,72.38,77.5,76.94,74,71.88,75.18,0,0,66.58,2,2,2,2,5,1
3,85.23,80.8,0,0,57.52,56,54.94,60.35,1,3,57.2025,2,2,2,2,3,0
0,88.46,89.83,84.5,80.13,84.59,77.53,82.12,77.88,0,1,66.58,2,2,2,2,5,1
1,88.61,73.17,54.25,59,65.64,56.23,58,54.33,0,0,66.62,2,2,2,2,5,1
3,88.61,76.33,58.37,56.87,64.94,65.52,59.76,56.82,0,0,66.7,2,2,2,2,5,1
1,68.76,76.19,0,0,53.29,55.76,58.58,61.41,0,2,57.26,2,2,2,2,3,0
1,72.15,75.93,0,0,55.06,57.06,56.12,60.82,0,1,57.26,2,2,2,2,3,0
1,72.93,77.38,0,0,55.52,59.71,58.82,55.05,0,8,57.275,2,2,2,2,3,0
3,89.38,71.5,55.12,53.75,55.41,59.88,59.41,60.11,0,5,57.28,2,2,2,2,3,0
1,77.84,76,0,0,57.88,55.05,58.58,57.64,0,3,57.2875,2,2,2,2,3,0
3,86,77,60.25,60.75,60.82,56.47,54.94,50.59,2,2,57.3,2,2,2,2,3,0
1,84.76,74,55,54.5,55.76,57.17,57.76,63.64,0,2,57.305,2,2,2,2,3,0
1,85.38,67.31,0,0,56.35,56.23,56.35,60.35,0,1,57.32,2,2,2,2,3,0
3,88.61,72.17,69.25,64.25,62.82,71.41,72.35,72.82,0,0,66.86,2,2,2,2,5,1
1,69.23,80.58,0,0,61.17,53.76,54.7,59.64,0,1,57.32,2,2,2,2,3,0
4,86.86,83.33,54.25,58.5,56.71,60.71,57.76,56,0,0,57.32,2,2,2,2,3,0
4,83.69,61.67,49,54.625,56.705,56.705,60.705,66.235,0,15,57.329,2,2,2,2,3,0
3,86.61,74,60.5,62.875,52.7,66,59.411,42.7,3,2,57.364,2,2,2,2,3,0
0,85.07,61.75,0,0,62.71,55.53,66.67,44.56,1,1,57.3675,2,2,2,2,3,0
4,88.61,89.83,71.25,70.875,65.88,71.52,75.64,63.05,0,0,66.88,2,2,2,2,5,1
1,73.38,79.55,63.61,68.33,72.86,875,77.55,79.55,0,0,57.38,2,2,2,2,3,0
0,90,84.17,58.13,56,61.06,47.88,61.44,59.78,0,3,57.38,2,2,2,2,3,0
3,81.38,77.83,57.5,56,58.59,55.29,60.82,56.24,0,1,57.41,2,2,2,2,3,0
3,92.3,78.5,53.12,54.62,55.88,59.88,56.94,63.64,0,4,57.42,2,2,2,2,3,0
0,86.61,71.83,53.625,55.5,59.05,55.41,62.11,58.88,0,3,57.43,2,2,2,2,3,0
0,68.27,68.37,0,0,60.71,53.76,59.89,55.44,0,2,57.45,2,2,2,2,3,0
4,89.69,79.33,52.5,61.75,57.29,56.82,60.24,56.12,0,2,57.45,2,2,2,2,3,0
4,74.53,72.17,54.25,59.13,55.53,61.29,58.71,55.88,0,4,57.46,1,1,1,1,4,0
1,90.76,76.83,59.75,61.875,56.35,53.88,52.7058,60.35,0,0,57.4866,1,1,1,1,4,0
0,89.69,59.17,50.62,50.25,53.05,63.05,67.44,60.66,0,5,57.51,1,1,1,1,4,0
3,88.61,82.33,66.87,76.37,78.47,71.52,68.47,66.23,0,1,66.88,2,2,2,2,5,1
0,78.92,64.17,55.62,53.62,58.94,53.76,59.44,63.78,0,4,57.53,1,1,1,1,4,0
1,82.3,78.9,0,0,56.35,56.23,58.58,59.17,1,2,57.58,1,1,1,1,4,0
0,75.4,70.53,55.75,52.38,62.59,55.63,61,58.22,0,2,57.59,1,1,1,1,4,0
0,88.61,79,70.62,74.67,73.64,75.88,77.52,71.64,0,0,66.92,2,2,2,2,5,1
4,86.31,77.67,52.63,56.88,59.29,55.29,57.29,64.24,0,5,57.6,1,1,1,1,4,0
4,68.62,70.5,60.5,63,59.65,51.88,56.71,54,0,0,57.62,1,1,1,1,4,0
0,88.62,77.67,67.25,62.88,68.82,70.47,73.11,68.78,0,0,66.92,2,2,2,2,5,1
3,84.46,83.5,56,56.25,57.29,60.24,58.24,57.76,0,1,57.63,1,1,1,1,4,0
3,86.31,75.33,54.63,58,58.24,59.29,58.82,56.82,0,5,57.63,1,1,1,1,4,0
0,58.92,72.94,0,0,56.23,54.11,64.77,55.66,0,0,57.69,1,1,1,1,4,0
1,84.15,80.9,0,0,52.94,56.71,57.65,63.65,0,1,57.74,1,1,1,1,4,0
3,88.76,82.83,58,67.62,62.58,55.64,59.52,63.17,0,0,66.93,2,2,2,2,5,1
1,82.3,82.65,0,0,57.88,56.11,58.82,58.23,0,0,57.76,1,1,1,1,4,0
4,90.31,71.83,50.75,55.5,59.29,55.18,62.94,62.94,0,6,57.77,1,1,1,1,4,0
0,88.92,67.13,50.75,52.87,63.52,53.76,67.44,58.33,0,7,57.78,1,1,1,1,4,0
1,69.07,60.5,54.87,55.25,57.65,58.23,57.76,62.94,0,3,57.78333333,1,1,1,1,4,0
1,91.38,82,58.25,61.88,59.06,55.76,55.18,56.94,0,2,57.8,1,1,1,1,4,0
3,76.77,79.33,51.63,49.5,56.47,63.88,64.59,61.06,0,8,57.85,1,1,1,1,4,0
1,69.8,82,0,0,54.71,59.29,59.76,57.76,0,4,57.88,1,1,1,1,4,0
1,65.2,71.73,0,0,51.76,57.65,59.53,62.71,0,1,57.91,1,1,1,1,4,0
0,66.76,64.56,0,0,57.05,58.23,59.11,57.33,1,3,57.93,1,1,1,1,4,0
0,67.73,79.82,0,0,53.88,54.24,60.33,63,0,2,57.97,1,1,1,1,4,0
3,88.76,84.32,0,0,65.41,67.64,68,75.29,0,0,66.96,2,2,2,2,5,1
4,82.92,77.17,53.38,58.63,63.06,58.24,56.71,58,0,4,58,1,1,1,1,4,0
1,83.38,83.38,0,0,52.94,58.94,59.88,60.35,0,3,58.03,1,1,1,1,4,0
0,82,83.24,0,0,59.18,55.65,58,59.33,0,5,58.04,1,1,1,1,4,0
1,88,68.17,59.13,52.88,45.53,55.65,67.53,67.41,0,0,58.06,1,1,1,1,4,0
2,81.84,80.23,0,0,56.11,56.35,61.88,58.11,0,1,58.11,1,1,1,1,4,0
0,89.84,70.7,0,0,59.52,55.41,63.88,53.77,1,3,58.14,1,1,1,1,4,0
2,86.3,67.17,52.37,54.12,52.11,61.41,62.7,66.23,0,1,58.16,1,1,1,1,4,0
1,83.85,71.67,51.25,57.63,53.29,62.94,57.41,66,0,3,58.16,1,1,1,1,4,0
3,74.61,79.54,0,0,58,57.76,54.94,62,0,4,58.17,1,1,1,1,4,0
4,91.84,72.33,51.75,51,62.7,56.94,61.41,65.41,0,6,58.2,1,1,1,1,4,0
1,88.76,75.91,0,0,66.94,63.77,75.37,75.88,0,0,66.97,2,2,2,2,5,1
0,83.69,78.5,52.5,63.25,61.06,52.12,60.44,59.89,0,5,58.21,1,1,1,1,4,0
3,92,88.33,61.13,57.5,57.65,58.71,55.53,58.82,0,1,58.22,1,1,1,1,4,0
3,93.69,82.17,56.75,55.62,53,54.88,60.23,65.61,0,6,58.23,1,1,1,1,4,0
1,80.92,82.55,0,0,58.35,55.18,57.41,62,0,1,58.24,1,1,1,1,4,0
1,88.76,86,72.87,70.87,67,74,70.11,72.23,0,0,66.98,2,2,2,2,5,1
3,74.83,80.57,0,0,58.11,62.94,56.23,55.76,1,0,58.26,1,1,1,1,4,0
1,80.51,84.13,0,0,59.17,55.52,57.88,60.58,1,1,58.28,1,1,1,1,4,0
1,77.07,75.87,0,0,55.88,55.88,59.64,61.76,0,2,58.29,1,1,1,1,4,0
3,88.77,84.17,74.75,70.25,67.06,72.12,69.18,69.41,0,0,66.98,2,2,2,2,5,1
1,73.69,71.67,54.63,56.38,56.35,60.82,58.35,62.94,0,0,58.3,1,1,1,1,4,0
3,87.08,80.17,62.13,56.75,62,56.82,56.59,55.65,0,5,58.32,1,1,1,1,4,0
3,67.23,63.83,55.63,58.63,57.88,54.59,60.47,62.82,0,5,58.34,1,1,1,1,4,0
1,88.92,71.16,58.12,58.87,62.23,59.64,65.11,60.55,0,1,67.05,5,5,5,5,2,1
3,74.3,82.06,0,0,56.11,59.88,53.76,63.64,0,4,58.3475,1,1,1,1,4,0
4,88.15,76.5,56.25,61.13,59.18,54.71,57.76,61.06,0,1,58.35,1,1,1,1,4,0
1,92,72.83,61.88,61,56.35,55.18,54.35,61.88,0,5,58.38,1,1,1,1,4,0
1,88.92,87,64.75,61.13,66.59,64.82,64.59,62,0,0,67.06,5,5,5,5,2,1
2,88.92,81,72.25,65.38,65.06,68.35,62.82,63.29,0,0,67.08,5,5,5,5,2,1
3,88.92,91.17,75.25,73.38,70.12,75.65,80.82,79.53,0,0,67.08,5,5,5,5,2,1
1,89.07,81,51.62,55.62,59.76,57.05,62,63.88,0,0,67.12,5,5,5,5,2,1
1,89.07,73.83,51.5,51.75,60.35,60.94,65.29,68.7,0,0,67.12,5,5,5,5,2,1
3,89.07,76.67,54.5,61.125,63.06,65.18,67.65,68.24,0,0,67.16,5,5,5,5,2,1
0,89.07,70.17,0,0,59.88,66.47,65.05,68.94,0,1,67.19,5,5,5,5,1,1
3,89.07,84.167,65.5,61.125,67.17,65.05,64.82,67.88,0,0,67.32,5,5,5,5,1,1
3,89.08,85.17,60,61.75,54.47,55.41,60.24,61.18,0,1,67.405,5,5,5,5,1,1
3,89.08,86.85,0,0,57.76,61.88,60.47,61.29,0,2,67.4425,5,5,5,5,1,1
1,89.08,84,66.88,64.5,66,63.65,62.12,66.12,0,0,67.46,5,5,5,5,2,1
3,89.08,84.67,71,69,71.65,60.59,56.47,63.76,0,0,67.46,5,5,5,5,2,1
1,89.08,81.91,0,0,67.53,66.12,67.53,71.06,0,0,67.5,5,5,5,5,2,1
1,89.08,86.5,70.25,70.13,75.29,72.12,65.18,73.29,0,0,67.52,5,5,5,5,2,1
2,89.08,83,76.88,74.5,70,71.88,74,70.12,0,1,67.53,5,5,5,5,2,1
3,89.14,84.83,59,62.25,63.53,65.18,67.33,66.78,0,0,67.54,5,5,5,5,2,1
0,89.23,74.5,57.12,56,63.76,58.94,68.22,62.44,0,2,67.62,5,5,5,5,2,1
2,89.23,78.33,65.37,69.75,72.35,70.47,67.29,71.17,0,0,67.687,5,5,5,5,2,1
3,89.23,82.41,0,0,71.29,67.29,70.78,74.44,0,0,67.73,5,5,5,5,2,1
2,89.23,88.17,72.625,70.25,73.529,69.764,70.11,72.588,0,0,67.75,5,5,5,5,2,1
1,89.23,83.83,71.5,72.87,73.17,72,76.23,75.76,0,1,67.76,4,4,4,4,2,1
0,89.23,93,75.25,76,79.06,76,73.53,80.59,0,0,67.81,4,4,4,4,2,1
3,89.38,73.17,57.75,64.37,55.29,59.29,65.41,60.11,0,1,67.833,4,4,4,4,2,1
3,89.38,71.5,57.37,64.75,61.88,63.52,68,68.35,0,1,67.853,4,4,4,4,3,1
0,89.38,87,72.13,69.88,62.71,67.76,66.24,63.18,0,0,67.92833333,4,4,4,4,3,1
1,89.38,87.33,61.25,66.75,71.65,74.71,74.94,72.12,0,0,68.02,4,4,4,4,3,1
1,89.38,80.83,69.75,67.5,75.29,75.29,77.64,73.17,0,0,68.02166667,4,4,4,4,3,1
3,89.38,86.97,0,0,70.82,80.7,72.7,68.82,0,2,68.0225,4,4,4,4,3,1
3,89.53,72.74,0,0,58.11,62.11,63.29,64.23,0,0,68.03,4,4,4,4,3,1
1,89.53,79,63.5,58.87,64.7,65.17,71.17,68.82,0,0,68.06,4,4,4,4,3,1
3,89.538,79,55.625,61,57.882,63.411,62.353,64.588,0,0,68.14,3,3,3,3,4,1
3,89.54,87.5,70.88,69.5,66.59,62.94,63.18,68.82,0,0,68.28,3,3,3,3,4,1
2,89.57,78.33,60.25,65.25,59.53,65.41,69.29,65.88,0,1,68.285,3,3,3,3,4,1
4,89.69,64.5,54.88,52.5,50.94,54.59,56.11,60.59,0,0,68.29,3,3,3,3,4,1
1,89.69,82.5,63.38,62.88,61.41,59.76,63.89,61.67,0,0,68.44,3,3,3,3,4,1
2,89.69,75,65.63,68,70.7,63.88,64.82,64.47,0,0,68.46,3,3,3,3,4,1
3,89.69,78.67,74,67,66.823,69.176,60.588,59.88,0,0,68.4675,3,3,3,3,3,1
1,89.69,81.83,60.75,71.5,67.88,65.05,63.05,69.41,0,1,68.468675,3,3,3,3,3,1
0,89.69,76.33,59.5,61.37,70.35,68,77.22,70.44,0,0,68.49,3,3,3,3,3,1
0,89.69,77.5,68.38,67,78.24,68.35,69.76,66.94,0,0,68.55,3,3,3,3,3,1
0,89.71,65.67,65.63,58.63,58.71,56.12,61.1,49.2,0,0,68.58,3,3,3,3,3,1
3,89.8,88,70,65.875,71.52,58.82,67,63.88,0,0,68.61,3,3,3,3,3,1
3,89.84,60,54.38,55.55,50.23,48.58,48.47,51.51,0,0,68.82,3,3,3,3,3,1
3,89.84,90,75.75,73.875,76.118,74.824,73.059,68.471,0,0,68.85,3,3,3,3,3,1
2,89.84,88.23,0,0,74.94,76.35,70.7,72.94,0,0,68.9,3,3,3,3,3,1
3,89.85,78.17,61.25,63.25,64.71,64.35,73.29,71.06,0,0,68.93,3,3,3,3,3,1
1,89.85,78,77.88,70.88,72.47,66,67.65,65.53,0,0,68.94166667,3,3,3,3,3,1
3,90,85.17,53.87,62.125,55.411,60.35,62.47,62.11,0,0,69.085,3,3,3,3,3,1
3,90,81.5,62.75,66,60,57.64,67,57.55,0,0,69.34,3,3,3,3,3,1
3,90,86.67,61.25,64.625,64.94,62.12,60,62,0,0,69.38,3,3,3,3,3,1
4,90,78.83,67.25,61.38,62.59,59.53,63.53,61.53,0,0,69.44,3,3,3,3,3,1
1,90,79.5,65.13,64.75,59.88,63.52,64.94,58,0,0,69.44666667,3,3,3,3,3,1
1,90,69.5,75.75,67.88,70.59,59.65,64.82,59.47,0,0,69.45,3,3,3,3,3,1
3,90,70.83,67.625,69.375,68.12,71.41,68.12,62.35,0,0,69.5,3,3,3,3,3,1
1,90,81.45,0,0,74.82,67.41,71.56,71.56,0,0,69.51,3,3,3,3,3,1
0,90,82,75.75,73,72.58,70.47,75.17,72.23,0,0,69.56,3,3,3,3,4,1
3,90,85.67,78.13,73,82,72.94,72.71,74.82,0,0,69.64,3,3,3,3,4,1
2,90,92.5,85.25,78.63,76.71,76.12,74.82,73.76,0,1,69.65,3,3,3,3,4,1
0,90.15,73,55,62,53.88,58.94,58.47,60.58,0,0,69.6925,3,3,3,3,4,1
3,90.15,74.33,62.75,63,70.58,61.76,60.7,58.35,0,0,69.702,3,3,3,3,4,1
2,90.15,92.83,66.63,66.38,64.94,67.76,66.12,68.35,0,0,69.78,3,3,3,3,4,1
0,90.15,84.86,0,0,62.23,71.52,65.29,70.58,0,0,69.82,3,3,3,3,4,1
3,90.15,84,0,0,68.82,68.58,71.41,65.64,0,0,69.9,3,3,3,3,4,1
2,90.29,83.4,71.88,70.63,67.06,70.71,67.18,68.59,0,0,70.07,3,3,3,3,4,1
4,90.29,83.6,69.38,72,73.41,74.59,65.65,72.12,0,0,70.1,3,3,3,3,4,1
1,90.3,79.33,0,0,65.17,65.41,70.23,69.05,0,0,70.15,3,3,3,3,4,1
1,90.3,88.63,0,0,65.88,71.05,68.23,74.47,0,0,70.18,3,3,3,3,4,1
3,90.31,80.67,63.38,59.63,66.24,66,66.67,67.44,0,0,70.22,3,3,3,3,4,1
1,90.46,78.67,58.37,60.87,59.53,55.41,59.64,60.11,0,1,70.24,3,3,3,3,4,1
2,90.46,78.83,61.125,61.75,65.176,54.47,59.05,59.529,0,0,70.24,3,3,3,3,4,1
1,90.46,76.33,57.37,62,66.23,57.88,61.66,57.22,0,0,70.29,2,2,2,2,5,1
0,90.46,92.83,71,68.63,73.41,68.12,69.88,69.88,0,0,70.37,2,2,2,2,5,1
3,90.61,77.55,67.1,61.33,63.14,60.91,70.32,84.77,0,0,70.46,2,2,2,2,5,1
0,90.61,85.37,0,0,68.23,71.76,69.41,66.35,0,0,70.49,2,2,2,2,5,1
2,90.61,86.46,0,0,74.11,75.05,78.47,78.23,0,0,70.52,2,2,2,2,5,1
3,90.62,86.67,69.88,74.38,65.76,64.35,66.94,68.35,0,0,70.79,2,2,2,2,5,1
3,90.76,83.62,0,0,59.05,58.47,54.82,63.52,0,1,70.85,2,2,2,2,5,1
3,90.8,85.67,53.5,60.12,59.52,60.47,61.29,64.117,0,0,70.88,2,2,2,2,5,1
2,90.92,79.5,55.55,62.5,65.882,58.235,64.7,67.17,0,0,70.89,2,2,2,2,5,1
0,91.07,88,71,65.5,61.6,61,60,63.9,0,1,70.95,2,2,2,2,5,1
1,91.07,86.67,65.75,65.5,74.47,66.23,71.17,64,0,0,71,2,2,2,2,5,1
1,91.08,89.33,68.88,61.38,68.59,67.88,74,72.71,0,0,71,2,2,2,2,5,1
1,91.23,87.75,0,0,62,63.17,66.35,61.17,0,0,71.04,2,2,2,2,5,1
3,91.38,77.77,55.5,63.62,59.64,61.17,65.17,67.41,0,0,71.12,2,2,2,2,5,1
3,91.38,83.5,66.75,62.38,64.35,70.35,63.06,56.94,0,0,71.14,2,2,2,2,5,1
3,91.38,77.33,71.75,66.13,63.06,66.59,66.59,67.65,0,0,71.16,2,2,2,2,5,1
1,91.4,73,53,61.5,61.53,62.94,68.94,72.7,0,0,71.19,2,2,2,2,5,1
1,91.4,83.2,67.88,64.25,69.88,62.94,70.22,75.78,0,0,71.32,2,2,2,2,5,1
1,91.53,65,51.13,52.63,57.53,53.41,55.3,57.41,0,0,71.32166667,2,2,2,2,5,1
0,91.53,69.67,57,56.37,64.82,60.11,74.35,68,0,0,71.3375,2,2,2,2,5,1
1,91.53,76.17,61.625,64.75,67.41,62.47,68.33,66.33,0,0,71.38,2,2,2,2,5,1
2,91.53,85,64.5,65.8,71.88,67.64,77.05,71.05,0,0,71.48,2,2,2,2,5,1
1,91.53,91.67,76.125,75.25,73.882,72.47,66.47,70.23,0,0,71.51,2,2,2,2,5,1
3,91.54,91.17,76.75,71.75,73.88,76.24,74.71,69.41,0,0,71.52,2,2,2,2,5,1
1,91.54,85.33,70,71.75,75.65,81.65,80.94,77.06,0,0,71.56,2,2,2,2,5,1
3,91.69,80,54.375,62.75,69.529,59.764,72.11,69.77,0,0,71.58,2,2,2,2,5,1
1,91.69,82.5,62.13,62.13,70.12,67.88,70.67,70.22,0,0,71.58583333,2,2,2,2,5,1
3,91.69,81,67,61.25,68.58,68.7,70.58,69,0,0,71.72,2,2,2,2,5,1
3,91.69,86.17,71.625,70.25,72.94,74.11,68.7,69.17,0,0,71.82,2,2,2,2,5,1
2,91.84,87.88,65.75,60.87,62.23,54.11,64.35,59.17,0,0,71.84,2,2,2,2,5,1
2,91.84,82.5,60.62,65.87,61.18,63.41,60.7,56.12,0,0,71.85,2,2,2,2,5,1
2,92,80.5,55.87,57.12,59.05,59.29,56.11,62.94,0,0,72.05,5,5,5,5,2,1
2,92,76.17,60.12,60.37,60.94,64.47,62.23,54.82,0,0,72.07,5,5,5,5,1,1
0,92,82.33,67.88,53.13,69.76,60.94,73.67,69,0,0,72.08,5,5,5,5,1,1
1,92,88,67.13,66.5,61.06,66,70.35,71.29,0,1,72.21,5,5,5,5,1,1
1,92,85,66.5,74,74.23,76,78.11,72.94,0,0,72.315,5,5,5,5,2,1
1,92.15,88,68.63,69.38,71.88,68.71,73.65,73.06,0,0,72.4045,4,4,4,4,2,1
0,92.3,79,59.25,52.875,57.76,57.41,53.29,61.41,0,1,72.45,4,4,4,4,2,1
3,92.3,81.3,0,0,66.71,62.35,61.53,62.94,0,0,72.74,4,4,4,4,2,1
1,92.3,72,63.5,71.12,63.05,60.11,63.41,64.7,0,0,72.74,4,4,4,4,2,1
2,92.3,83.17,66.38,69.25,73.53,71.29,67.05,69.18,0,0,72.75,4,4,4,4,2,1
3,92.3,84.83,72.38,76.88,73.41,75.29,74,68.11,0,0,72.9,4,4,4,4,2,1
3,92.46,81.25,0.62,60.37,70.58,58.35,69.78,69.88,0,0,73.18,4,4,4,4,3,1
2,92.61,78.83,74.12,70.5,69.29,65.52,66.82,62.58,0,0,73.2,4,4,4,4,3,1
3,92.61,80.17,67.87,69.88,67.64,65.53,66.35,72.47,0,0,73.26,4,4,4,4,3,1
3,92.61,86.16,77.25,65.75,78.58,70.94,75.52,68.47,0,0,73.34,3,3,3,3,3,1
1,92.61,81.33,71.5,76.38,75.18,81.41,74.94,77.76,0,0,73.46666667,3,3,3,3,3,1
1,92.76,86.5,56,60.25,62.23,58.94,68,65.29,0,0,73.58833333,3,3,3,3,3,1
2,92.76,89.5,76,72.37,74.35,66.47,72.82,71.88,0,0,73.64,3,3,3,3,3,1
3,92.76,94.5,80.75,82.62,82.35,83.88,83.76,80.94,0,0,73.68,3,3,3,3,3,1
3,92.92,83.71,0,0,66.59,62.82,67.18,73.18,0,0,73.73,3,3,3,3,3,1
3,93.07,76.67,65.62,62.37,70.82,69.29,61.88,53.52,0,1,73.79,3,3,3,3,3,1
0,93.23,74,66.25,60,60,58.24,61.53,66.94,0,0,73.84,3,3,3,3,3,1
3,93.23,81.17,56.87,60.75,61.17,65.88,66.58,64.23,0,0,73.85,3,3,3,3,3,1
1,93.23,83.5,69.75,69.75,69.17,66.58,67.76,63.52,0,0,73.89,3,3,3,3,3,1
3,93.23,94.17,83.87,80.62,83.17,83.88,83.52,76.11,0,0,73.9,3,3,3,3,4,1
3,93.38,83.67,66.37,66,59.52,61.64,57.05,61.29,0,0,74.04,3,3,3,3,4,1
2,93.38,86,68.75,62.375,66,69.058,75.294,63.764,0,0,74.04,3,3,3,3,4,1
1,93.38,85.5,74.25,74.125,72.352,80.47,76.941,74.7,0,0,74.52,2,2,2,2,5,1
1,93.53,81,60.25,65.375,63.29,64,60.94,61.64,0,0,74.65,2,2,2,2,5,1
3,93.53,86.83,70.75,75.63,68.7,64.58,68.47,68.58,0,0,74.92,2,2,2,2,5,1
3,93.54,88.5,64.25,57.63,66.59,64.71,64.94,69.53,0,0,75.5,2,2,2,2,5,1
1,93.69,77.67,64.625,65.875,64.12,65.88,72.77,63.11,0,0,75.54,2,2,2,2,5,1
2,93.84,80.33,59,62,60.11,59.76,61.29,63.29,0,0,75.6,2,2,2,2,5,1
3,93.84,85.83,65.88,68.13,66.12,59.78,64.6,69.18,0,0,75.79,2,2,2,2,5,1
3,94,77.83,57.87,63.13,71.42,67.05,68.88,68.22,0,0,75.83,2,2,2,2,5,1
0,94,72,62.1,63,69.4,64.6,71.7,67.8,0,0,76.05,2,2,2,2,5,1
4,94.15,0.8783,61.25,69,70,73.88,70.47,69.05,0,0,76.17,2,2,2,2,5,1
3,94.15,91.33,83.5,78.625,79.88,77.22,82.58,75.52,0,0,76.195,2,2,2,2,5,1
3,94.3,89,66.5,70.5,75.411,68.24,67.76,72.7,0,0,76.465,2,2,2,2,5,1
3,94.3,77,73,63.5,70.94,70.35,81.29,70.82,0,0,76.47,2,2,2,2,5,1
2,94.3,93.5,80.5,80.12,81.8,74.82,81.4,75.41,0,0,76.55,2,2,2,2,5,1
1,94.46,82.5,66.25,68.37,70.23,66.47,69.17,67.64,0,0,76.65,2,2,2,2,5,1
2,94.46,83.5,80.88,76.5,70.59,69.65,69.53,73.65,0,0,76.74,2,2,2,2,5,1
1,94.46,87.33,68.375,76.125,75.06,79.29,76,68.59,0,1,76.815,2,2,2,2,5,1
0,94.46,83.5,78,76.375,75.76,75.64,77.29,75.76,0,0,77.21,5,5,5,5,2,1
1,94.57,81.8,72.63,72,71.53,67.88,72,76.24,0,0,77.55,2,2,2,2,5,1
0,94.6,88.33,58.625,70.5,71.176,67.294,73.058,69.058,0,0,78.78,4,4,4,4,3,1
2,94.61,79.83,68.12,70,64.82,65.17,72.11,63.88,0,0,79.01,3,3,3,3,2,1
3,94.86,88.17,66.75,73,75.77,67.06,73.06,73.41,0,0,79.58,2,2,2,2,5,1
3,95,94.4,77.25,82.5,82.118,82.353,83.294,79.176,0,0,81.115,2,2,2,2,3,1
2,95.53,80,58.875,66.875,64.588,62.941,58.588,62.7058,0,0,81.12,4,4,4,4,2,1
3,95.53,91.5,77,75.75,78,70,72.11,74.24,0,1,81.38,2,2,2,2,5,1
3,97.38,86.5,69.75,76.125,69.41,69.29,74.82,70.12,0,0,81.8616,3,3,3,3,3,1
3,97.69,78.67,73.5,69.5,70.24,73.88,72.82,70.94,0,0,82.38,3,3,3,3,3,1
1,82.3,76.19,0,0,59.29,57.52,56.35,60.47,0,4,58.4075,1,1,1,1,4,0
4,75.38,78.94,0,0,56.58,58.7,57.41,60.94,0,3,58.41,1,1,1,1,4,0
0,73.85,82.62,0,0,58.47,56,60.89,58.33,0,2,58.42,1,1,1,1,4,0
2,88.15,81.81,0,0,57.52,58.7,56.94,60.7,0,1,58.47,1,1,1,1,4,0
0,73.84,66.14,0,0,54.7,54.82,62,62.55,0,3,58.5175,1,1,1,1,4,0
0,86.29,79.2,57.88,52.5,60.82,56.71,63.22,60,0,0,58.52,1,1,1,1,4,0
4,81.2,72.83,54.5,55.63,64.59,60.12,57.29,59.18,0,10,58.55,1,1,1,1,4,0
0,87.54,74.17,54.63,57.5,56.59,58.71,63.22,61,0,1,58.61,1,1,1,1,4,0
1,83.23,72.83,59.75,54,56.82,60,60.82,60.24,0,5,58.64,1,1,1,1,4,0
4,80.15,79.53,0,0,60.47,56.59,56.12,61.41,0,2,58.65,1,1,1,1,4,0
2,86.8,67.83,58.38,57.13,58.82,64.59,57.29,55.88,0,7,58.68,1,1,1,1,4,0
2,77.54,82.33,53.75,59.25,63.65,56.47,55.65,63.41,0,1,58.7,1,1,1,1,4,0
3,71.54,86.91,0,0,56.82,57.29,58.71,62,0,0,58.71,1,1,1,1,4,0
3,84,81.66,0,0,57.76,56.58,57.76,62.82,0,2,58.73,1,1,1,1,4,0
3,86,85.17,57.37,61.25,56.7,58.58,60,58.58,0,0,58.74,1,1,1,1,4,0
1,80,78.32,0,0,59.76,57.29,57.41,60.82,0,3,58.82,1,1,1,1,4,0
2,91.2,85.17,53.54,48.92,55.53,64.47,63.76,66.82,0,3,58.84,1,1,1,1,4,0
0,71.84,73.69,0,0,59,55.64,63.44,73.3,0,0,58.86,1,1,1,1,4,0
4,76,79.56,0,0,53.64,57.52,63.29,61.05,0,6,58.87,1,1,1,1,4,0
3,88.67,77,66.5,62,57.53,56.24,60,51.06,0,0,58.89,1,1,1,1,4,0
2,85.69,74,56,64.25,58.941,58.941,59.882,55.647,0,0,58.947,1,1,1,1,4,0
2,77.54,85.27,0,0,56.24,59.41,57.76,62.47,0,0,58.97,1,1,1,1,4,0
0,81.85,70.5,58.63,57.25,63.53,56.35,60.56,57.67,0,1,59,1,1,1,1,4,0
1,64.15,81.72,0,0,60.71,59.06,55.53,60.71,0,3,59,1,1,1,1,4,0
4,72.92,66.67,53.39,59.25,62.96,62.72,54,61.53,0,4,59.02,1,1,1,1,4,0
0,72.76,65.81,0,0,60,56.35,60.55,59.44,0,0,59.08,1,1,1,1,4,0
4,85.85,84.67,54.88,61,63.41,59.18,56.94,59.06,0,2,59.08,1,1,1,1,4,0
0,85.54,68.67,59.13,59.75,62.94,53.06,62.89,56.78,0,0,59.09,1,1,1,1,4,0
1,81.38,82.58,0,0,57.05,58.7,58.58,62.11,0,0,59.11,1,1,1,1,4,0
3,73.2,86.55,0,0,58.94,59.18,56,62.35,0,3,59.12,1,1,1,1,4,0
0,77.08,80.67,65,61,62.24,54.82,58.33,53.44,1,1,59.14,1,1,1,1,4,0
3,88,70.83,57.37,65.62,59.88,55.88,64.94,51.41,1,0,59.18,1,1,1,1,4,0
0,81.85,80.07,0,0,60.59,58.71,59.56,58.11,0,3,59.23,1,1,1,1,4,0
0,62.8,80.07,0,0,60.59,53.88,60.89,61.56,0,1,59.29,1,1,1,1,4,0
1,75.87,82.97,0,0,58.71,59.53,59.41,59.53,0,1,59.29,1,1,1,1,4,0
3,83.38,87.7,0,0,59.05,58.23,54.47,65.47,0,5,59.34,1,1,1,1,4,0
1,86.46,82.67,68.5,65.25,54,56.35,53.65,59.18,0,2,59.34,1,1,1,1,4,0
0,76.92,69,55,56.5,58,61.29,64.56,61,0,3,59.39,1,1,1,1,4,0
1,78.46,67.5,56.88,57.5,64.82,56.94,57.06,62.94,0,3,59.4,1,1,1,1,4,0
0,78.46,72,63.13,51.13,60.71,60.71,59.44,61.44,0,0,59.43,1,1,1,1,4,0
1,72.13,67.5,52.75,56.13,65.76,61.41,55.06,64.94,0,1,59.44,1,1,1,1,4,0
4,71.38,64.28,61.03,59.35,52.59,55.03,61.08,67.66,1,6,59.45666667,1,1,1,1,4,0
1,82.4,85.5,58.38,52.63,53.53,50.35,67.88,73.65,0,6,59.48,1,1,1,1,4,0
1,81.33,80.41,0,0,57.41,58.82,56.82,65.06,0,1,59.53,1,1,1,1,4,0
1,73.85,83.52,0,0,55.65,64,58.35,60.24,0,1,59.56,1,1,1,1,4,0
4,73.69,75.33,55.25,57.75,63.647,56.352,57.882,66.588,0,0,59.578,1,1,1,1,4,0
3,86.46,81.83,0,0,56.82,61.41,57.29,62.82,0,2,59.585,1,1,1,1,4,0
0,87.23,79.8,0,0,58.12,56.82,64.11,59.33,0,1,59.6,1,1,1,1,4,0
1,80,81.45,0,0,51.41,60.35,59.53,67.18,0,1,59.62,1,1,1,1,4,0
1,79.85,71.83,56.75,61,58.71,58.24,59.53,63.53,0,2,59.64,1,1,1,1,4,0
1,75.4,73.4,64.38,64.75,59.65,54.59,58.94,56.12,0,0,59.64,1,1,1,1,4,0
3,86.62,78.5,66.38,58.63,62.82,58.12,54.47,57.65,0,3,59.68,1,1,1,1,4,0
2,83.54,82.33,57.63,62,63.88,60.12,56.71,57.88,0,1,59.7,1,1,1,1,4,0
0,76.76,60.55,0,0,62.11,60.82,59.66,56.22,0,0,59.7025,1,1,1,1,4,0
4,85.69,74.83,54.63,57.13,60.71,61.53,60.12,64.24,0,3,59.72,1,1,1,1,4,0
3,79.33,77.5,64.25,64.63,60.24,56.47,58.59,54.24,0,4,59.73,1,1,1,1,4,0
1,71.87,80.9,0,0,54.24,59.88,60.47,64.47,0,4,59.76,1,1,1,1,4,0
2,84.15,70.33,61.75,59.5,62,57.88,53.76,63.65,0,0,59.76,1,1,1,1,4,0
4,88,83.17,57.25,58.88,63.76,57.41,60.47,60.82,0,0,59.77,1,1,1,1,4,0
1,72.8,80.76,0,0,54.12,57.06,67.18,60.82,0,4,59.79,1,1,1,1,4,0
2,85.08,74,61.5,63.13,60.24,58.47,57.06,58.47,0,1,59.81,1,1,1,1,4,0
0,77.07,72.65,0,0,57.17,53.88,66.78,61.44,0,3,59.8175,1,1,1,1,4,0
1,82.46,79.87,0,0,59.65,57.65,57.29,64.71,0,0,59.825,1,1,1,1,4,0
0,81.69,72.5,52.87,61.12,66.47,61.17,63.22,54.44,0,1,59.88,1,1,1,1,4,0
0,75.84,68.19,66.06,70.45,56.82,53.52,58.89,53.67,0,5,59.90166667,1,1,1,1,4,0
4,92.92,80.33,54.25,53.5,62.3529,61.8823,62.2352,65.2941,0,0,59.9191,1,1,1,1,4,0
1,86.92,80.83,66,66.75,61.76,56.59,52.59,56.94,0,1,59.98,1,1,1,1,4,0
1,78.8,68.83,63.75,57.63,59.53,56.59,59.18,63.29,0,1,59.98,1,1,1,1,4,0
2,75.38,85.33,0,0,57.18,62.94,62.59,57.29,0,2,60,1,1,1,1,4,0
1,88.76,77.17,55.62,61.5,56.11,60.94,63.17,62.7,0,1,60.00666667,1,1,1,1,4,0
0,60.46,67.69,0,0,63.88,58.23,59.66,58.33,0,2,60.02,1,1,1,1,4,0
1,80.76,79.13,0,0,56.58,58.23,55.05,70.23,0,1,60.0225,1,1,1,1,4,0
4,70.27,66,51.88,59.25,62.59,63.29,59.76,63.41,0,2,60.03,1,1,1,1,4,0
3,65.2,86.73,0,0,62.53,56.23,55.52,65.88,0,5,60.04,1,1,1,1,4,0
0,86.92,77.17,54.38,56.38,58.24,57.18,67.56,66.67,0,1,60.06,1,1,1,1,4,0
0,67.87,82,0,0,59.76,57.53,63,59.78,0,1,60.06,1,1,1,1,4,0
2,80.15,86.3,0,0,59.06,67.06,55.41,58.71,0,0,60.06,1,1,1,1,4,0
3,67.6,87.82,0,0,62.71,56.82,57.29,63.41,0,3,60.06,1,1,1,1,4,0
3,81.84,88.8,0,0,57.76,58.94,62.94,60.7,0,1,60.08,1,1,1,1,4,0
1,80.62,82.9,0,0,57.41,64.59,55.53,62.82,0,0,60.09,1,1,1,1,4,0
1,88,82.78,0,0,58.47,61.88,57.76,62.35,0,2,60.115,1,1,1,1,4,0
1,86.92,73.04,0,0,59.88,52.35,60.94,67.41,0,3,60.14,1,1,1,1,4,0
0,69.33,79.93,0,0,60.24,52.12,64.33,63.44,0,0,60.14,1,1,1,1,4,0
0,83.53,74.4,0,0,54,53.05,60.67,56.33,0,0,60.15,1,1,1,1,4,0
2,80,80.17,0,0,55.412,64.118,58.235,62.941,0,7,60.1765,1,1,1,1,4,0
0,87.23,77.73,0,0,64.35,57.76,60.33,58.33,0,0,60.19,1,1,1,1,4,0
2,87.08,78.5,63.25,59.75,61.53,59.06,57.06,60.71,0,1,60.23,1,1,1,1,4,0
0,77.73,79.5,0,0,56.58,54.11,68.11,62.22,0,0,60.255,1,1,1,1,4,0
2,91,87,57.25,66.88,63.18,59.18,60.47,54.59,0,1,60.26,1,1,1,1,4,0
3,72.61,83.14,0,0,57.17,60.58,57.64,65.76,0,0,60.29,1,1,1,1,4,0
3,83.69,73,53.75,61,61.29,58.24,61.88,65.65,0,1,60.3,1,1,1,1,4,0
0,88,118.67,0,0,58.12,55.06,63.78,63.89,0,0,60.31,1,1,1,1,4,0
3,77.38,73.5,60.75,56.25,58,60.12,64.94,62,0,4,60.34,1,1,1,1,4,0
4,77.38,79.56,0,0,54.47,59.05,61.05,66.82,0,0,60.35,1,1,1,1,4,0
3,76.46,79.33,54.12,55.87,58.47,62.11,64.94,66.11,0,9,60.38,1,1,1,1,4,0
3,82.77,80.97,0,0,60.35,58.82,58.12,64.24,1,1,60.38,1,1,1,1,4,0
1,79.54,65.33,54.88,57.25,69.18,58.35,59.88,62.47,0,1,60.42,1,1,1,1,4,0
2,82.62,69.5,58.63,58.25,66.47,57.65,60,61.53,0,1,60.42,1,1,1,1,4,0
4,88.92,68.5,51.37,55.25,57.76,62.23,63.52,72.58,0,1,60.45,1,1,1,1,4,0
0,80.46,80.07,0,0,57.53,57.29,62.67,64,0,4,60.46,1,1,1,1,4,0
1,64.67,81.31,0,0,60.71,59.88,58.71,62.59,0,2,60.47,1,1,1,1,4,0
0,86.62,78,58.88,60.25,61.41,61.41,60.33,60.89,0,2,60.53,1,1,1,1,4,0
4,81.69,64.67,50.37,57.62,64.82,61.76,61.41,67.29,0,5,60.54,1,1,1,1,4,0
1,89.6,73,57.63,65.75,53.88,54.59,65.76,66,0,8,60.58,1,1,1,1,4,0
1,78.31,62.5,52.75,62.38,58.71,58.47,60.59,70.35,0,3,60.6,1,1,1,1,4,0
3,87.38,86.86,0,0,63.88,63.52,57.88,57.29,0,0,60.6425,1,1,1,1,4,0
3,86.76,86.17,0,0,58.12,56.71,62.23,65.65,0,0,60.68,1,1,1,1,4,0
3,89.23,86.55,0,0,59.53,60.24,59.53,63.41,0,1,60.68,1,1,1,1,4,0
2,85.54,81,54.45,55.63,53.88,68.35,68.24,63.76,0,4,60.72,1,1,1,1,4,0
3,84.62,68.83,56.13,60.88,60.94,56.59,64.94,64.82,0,0,60.72,1,1,1,1,4,0
3,70.15,81.26,0,0,63.18,59.76,59.29,61.06,0,2,60.8225,1,1,1,1,4,0
2,85.85,78.61,0,0,56.47,64.82,63.76,58.35,0,0,60.85,1,1,1,1,4,0
1,76.15,80.52,0,0,62.7,57.88,59.88,63.05,0,0,60.8775,1,1,1,1,4,0
0,82.92,80,0,0,59.53,58.12,61.33,64.67,0,1,60.91,1,1,1,1,4,0
0,77.69,81.6,0,0,60.12,58.71,62.33,62.44,0,1,60.94,1,1,1,1,4,0
3,89.84,85.33,58.5,64.88,61.17,63.5,60.23,57.41,0,1,60.948,1,1,1,1,4,0
3,72.3,78,0,0,55.88,58.35,63.64,66.11,0,2,60.995,1,1,1,1,4,0
0,71.84,71.94,67.35,76.82,56.11,54,63.78,51.22,0,0,61,4,4,4,4,1,0
3,86,76.67,0,0,60.11,58.7,58.94,66.23,0,3,61,4,4,4,4,1,0
2,79.85,85.45,0,0,59.29,67.76,59.53,57.53,0,0,61.03,4,4,4,4,1,0
0,79.23,80,0,0,66,61.88,60,56.67,0,3,61.06,4,4,4,4,1,0
4,78.62,72,54.5,62,62.35,65.76,62.59,59.18,0,1,61.06,4,4,4,4,1,0
3,82,88.06,0,0,56.71,60.47,62.71,64.47,0,3,61.09,4,4,4,4,1,0
0,87.69,83.83,57.5,61.75,62.82,58.35,64.67,61.56,0,4,61.11,4,4,4,4,1,0
0,76.62,81.47,0,0,61.53,58.94,63.44,60.44,0,1,61.11,4,4,4,4,1,0
2,85.08,83.17,67.25,63.25,64.12,54.35,59.88,57.88,0,0,61.12,4,4,4,4,1,0
0,87.54,79.93,0,0,63.06,56.12,60.78,64.56,0,3,61.17,4,4,4,4,1,0
1,83.69,81.45,0,0,57.53,59.65,60.71,66.94,0,1,61.21,4,4,4,4,1,0
2,91.08,87,60.75,65.38,68.59,58.24,58.82,55.53,0,0,61.22,4,4,4,4,1,0
1,77.07,48.33,0,0,65.52,60.35,59.88,59.17,0,1,61.23,4,4,4,4,1,0
0,87.23,84,0,0,60.47,59.41,61.33,63.56,0,1,61.23,4,4,4,4,1,0
4,85.23,73.33,56.13,61,61.53,62.71,63.53,62.47,0,0,61.23,4,4,4,4,1,0
0,67.54,82.41,0,0,56.94,58.94,65.22,63.56,0,1,61.26,4,4,4,4,1,0
0,84.8,79.86,0,0,57.29,60.82,64,63,0,1,61.28,4,4,4,4,1,0
3,81.54,72.83,61.5,58,61.76,66.94,59.41,60.12,0,3,61.29,4,4,4,4,1,0
3,83.53,84.86,0,0,58.82,62.35,64.94,59.06,0,1,61.2925,4,4,4,4,1,0
3,68.46,73.66,0,0,60.7,62.11,60,62.58,0,3,61.3475,4,4,4,4,1,0
1,81.38,85.19,0,0,60.82,59.18,62.82,62.59,0,1,61.35,4,4,4,4,1,0
1,83.69,73.5,57.5,61.63,65,60.23,61.64,62.35,0,2,61.39,4,4,4,4,1,0
4,83.38,70.38,52,64.87,62.35,60.59,59.29,68.7,0,3,61.4,4,4,4,4,1,0
3,88.62,79,68.63,64,58.24,59.29,62.47,55.76,0,1,61.4,4,4,4,4,1,0
1,78.92,90.76,0,0,56.11,57.29,65.17,67.05,0,4,61.405,3,3,3,3,2,0
0,83.33,62,55.38,60.88,64,58.59,63,66.67,0,1,61.42,3,3,3,3,2,0
0,80.4,73.8,53,59.63,64.71,59.53,65.89,65.78,0,3,61.42,3,3,3,3,2,0
4,78.31,76.17,54.75,59.25,63.88,62.12,64.59,64.35,0,0,61.49,3,3,3,3,2,0
0,73.23,81.8,0,0,61.18,61.41,62.44,61,0,1,61.51,3,3,3,3,2,0
1,85.69,84.17,63.25,62.63,60.82,59.41,59.53,63.65,0,2,61.52,3,3,3,3,2,0
0,77.73,82.8,0,0,66,57.53,65.44,57.22,0,1,61.55,3,3,3,3,2,0
0,84.4,82.53,0,0,61.76,56.35,63.89,64,0,3,61.57,3,3,3,3,2,0
4,85.23,69.67,53.87,60,62.94,63.29,62.35,67.29,0,2,61.62,3,3,3,3,2,0
0,80.31,80.6,0,0,65.53,58.59,61.67,60.78,0,0,61.63,3,3,3,3,2,0
0,73.69,82.47,0,0,58.71,57.29,68.56,62,0,1,61.64,3,3,3,3,2,0
3,94,85.17,67,65.62,65.52,59.29,61.88,50.71,3,3,61.67,3,3,3,3,2,0
1,84,86,0,0,53.41,63.65,60.71,68.94,0,2,61.68,3,3,3,3,2,0
0,84.92,80.87,0,0,62.47,59.76,63.11,61.67,0,0,61.77,3,3,3,3,2,0
4,79.54,81.12,0,0,57.29,63.41,64.47,62,0,0,61.79,3,3,3,3,2,0
3,87.07,69.5,55.87,58.62,59.76,63.17,61.41,72,0,1,61.8,3,3,3,3,2,0
1,84.46,78,60.25,58.75,61.53,60.94,62.82,66.47,0,1,61.84,3,3,3,3,2,0
0,74.61,73,0,0,63.64,62.11,64.22,57.55,0,0,61.88,3,3,3,3,2,0
1,87.54,89.5,70.75,59.88,60.24,59.65,58.24,63.06,0,2,61.9,3,3,3,3,2,0
1,74.31,82.48,0,0,61.53,57.88,60.59,67.65,0,0,61.91,3,3,3,3,2,0
1,63.47,80.55,0,0,59.18,57.41,59.65,71.76,0,0,62,3,3,3,3,2,0
3,82,83.26,0,0,60.82,64.94,57.64,64.7,0,2,62.025,3,3,3,3,2,0
1,86.15,75.33,61.38,56.25,60.71,64.35,62,67.41,0,2,62.08,3,3,3,3,2,0
4,85.69,82.94,0,0,58.82,64.94,60.94,63.65,0,1,62.09,3,3,3,3,2,0
0,82.3,82.88,0,0,62.94,54.24,69.56,61.78,0,1,62.13,3,3,3,3,2,0
4,91.53,80.17,56.5,62,60.82,63.17,66.58,6.76,0,0,62.13,3,3,3,3,2,0
3,73.38,86.97,0,0,61.29,62.24,61.06,64.12,0,0,62.18,3,3,3,3,2,0
3,73.38,86.97,0,0,61.29,62.24,61.06,64.12,0,0,62.18,3,3,3,3,2,0
3,75,73.8,61.25,63,62.58,67.05,62.11,57.17,0,3,62.19,3,3,3,3,2,0
3,79.07,86.1,0,0,62.11,64.47,60,62.24,0,0,62.205,3,3,3,3,2,0
3,69.38,84.67,0,0,60.82,61.88,59.06,67.18,0,3,62.24,3,3,3,3,2,0
0,64,83.72,0,0,61.41,61.76,62.67,63.22,0,1,62.27,3,3,3,3,2,0
0,80.62,82.47,0,0,64.82,63.06,63.67,57.56,0,1,62.28,3,3,3,3,2,0
4,79,73,59.35,58.45,50.35,60,70,76,1,2,62.35833333,3,3,3,3,2,0
3,90.31,81.67,61.5,57.25,62.94,63.88,62.82,65.88,0,0,62.38,3,3,3,3,2,0
0,94.61,61.33,61.5,62.625,66.941,59.882,64.444,59.222,0,0,62.435,3,3,3,3,2,0
0,89.69,58,56.125,60.5,68.94,55.41,70,63.778,0,3,62.457,3,3,3,3,2,0
1,85.23,77,68.25,62.38,60.94,61.29,60.59,62,0,2,62.52,3,3,3,3,2,0
3,85.53,80.91,0,0,58.58,58.58,60.23,72.7,0,0,62.5225,3,3,3,3,2,0
0,76.46,80.34,0,0,66.24,58.47,63.67,61.78,0,1,62.54,3,3,3,3,2,0
4,87.85,78,63.25,65.63,58.71,56.94,66.71,64,0,0,62.54,3,3,3,3,2,0
0,70,73.94,0,0,60.47,57.17,69.44,63.11,0,1,62.55,3,3,3,3,2,0
4,86,79.17,60.38,63,63.29,58.35,66.12,64.47,0,0,62.6,3,3,3,3,2,0
1,82.62,68.83,63.38,65.5,70.47,57.41,53.65,65.53,0,0,62.62,3,3,3,3,2,0
2,75.38,83.39,0,0,58.59,65.06,65.06,61.76,0,0,62.62,3,3,3,3,2,0
4,85.85,73.5,59.88,59.63,66.35,63.41,65.18,61.53,0,0,62.66,3,3,3,3,2,0
4,89.53,78.33,56.83,64,62.82,62.23,63.41,66.7,0,0,62.67,3,3,3,3,2,0
3,85.54,88.83,63.25,56.13,63.53,62.59,67.18,63.65,0,0,62.72,3,3,3,3,2,0
3,82.46,0.8063,0,0,61.88,58,61.05,70,0,2,62.7325,3,3,3,3,2,0
0,83.07,74.18,0,0,69.41,58,64,59.55,1,0,62.74,2,2,2,2,3,0
0,78.92,75.81,0,0,62.47,59.41,66.66,62.44,0,0,62.745,2,2,2,2,3,0
3,85.33,76.5,63.38,59.88,60,65.29,62.94,65.41,0,0,62.82,2,2,2,2,3,0
0,67.87,80.8,0,0,59.53,62.47,64.56,64.67,0,0,62.86,2,2,2,2,3,0
1,71.87,83.31,0,0,60.47,62.71,60.94,67.41,0,0,62.88,2,2,2,2,3,0
0,88.46,83,63.5,61.25,67.53,57.06,67.33,60.78,0,0,62.9,2,2,2,2,3,0
0,87.85,80.27,0,0,62,59.65,65.67,64.11,0,1,62.91,2,2,2,2,3,0
1,80.31,82.97,0,0,59.06,63.53,61.88,67.18,0,1,62.91,2,2,2,2,3,0
0,80.92,74.55,0,0,63.41,54.7,67.88,65.66,0,0,62.9125,2,2,2,2,3,0
0,86.61,81.09,0,0,64.23,60.47,62.66,64.33,0,0,62.92,2,2,2,2,3,0
0,83.85,72.33,67.5,61.38,68.24,59.76,63.44,57.22,0,0,62.92,2,2,2,2,3,0
2,80,64.6,58.75,56.88,63.53,65.76,66,67.18,0,0,63.02,2,2,2,2,3,0
1,75.69,80.44,0,0,55.88,61.06,64.12,71.18,0,0,63.06,2,2,2,2,3,0
1,83.54,83.38,0,0,58.71,64.82,63.76,64.94,0,0,63.06,2,2,2,2,3,0
0,84,77.8,67,64.25,66.82,58.59,64.22,57.56,0,0,63.07,2,2,2,2,3,0
1,84.77,83.38,0,0,60.12,63.41,64.12,64.71,0,0,63.09,2,2,2,2,3,0
0,81.38,82.67,0,0,61.76,63.18,64.22,63.22,0,0,63.1,2,2,2,2,3,0
1,77.38,75.29,0,0,62.94,58.58,64.82,66.11,0,0,63.11,2,2,2,2,3,0
4,85.2,71.17,58.63,59.63,64.82,65.88,64.82,65.06,0,10,63.14,2,2,2,2,3,0
3,90.62,81.5,65.75,66.38,66,58.59,63.06,59.18,0,0,63.16,2,2,2,2,3,0
3,89.23,89.52,0,0,60.94,63.64,65.05,63.17,0,0,63.2,2,2,2,2,3,0
1,81.85,79.5,53.88,61.88,68.24,65.88,62.71,66.12,0,1,63.22,2,2,2,2,3,0
1,73.69,124.46,0,0,58.47,61.76,65.76,67.06,0,1,63.26,2,2,2,2,3,0
4,82,83.29,0,0,61.41,62,68.12,61.53,0,1,63.26,2,2,2,2,3,0
1,89.84,73.83,0,0,64.58,63.88,61.64,63.29,0,2,63.34,2,2,2,2,3,0
3,84.4,79.2,68.75,63.63,59.88,63.18,62.59,62,0,0,63.34,2,2,2,2,3,0
2,86.15,87.67,63,66,64.59,60.47,63.18,63.06,0,0,63.38,2,2,2,2,3,0
3,79.07,82.63,0,0,61.53,60.94,64.7,66.59,0,0,63.44,2,2,2,2,3,0
1,73.33,74.67,66.88,62.63,65.41,61.76,57.76,66.35,0,0,63.44,2,2,2,2,3,0
0,71.54,79.17,68.13,64.88,66.35,55.88,60.89,64.56,0,0,63.45,2,2,2,2,3,0
4,84.46,73.83,57.38,59.88,64.59,67.88,64.12,67.06,0,1,63.48,2,2,2,2,3,0
1,74.62,80.73,0,0,58,65.41,61.18,69.41,0,2,63.5,2,2,2,2,3,0
0,86.61,76.32,0,0,64.23,58.82,68.78,62.22,0,1,63.51,2,2,2,2,3,0
0,82.46,85.17,65.63,59,67.88,63.88,65.22,59.67,0,0,63.54,2,2,2,2,3,0
3,86.14,77.83,63.5,68.75,64.35,62.35,61.17,61.17,0,0,63.55,2,2,2,2,3,0
2,91.07,78.5,67.75,62.51,61.89,58.83,66.95,63.56,0,0,63.58,2,2,2,2,3,0
3,64.92,85.88,50,50,63.13,73.91,94,80.53,1,5,63.59,2,2,2,2,3,0
3,81.69,82.33,52.25,59.13,59.18,68.35,72.24,70.47,0,0,63.6,2,2,2,2,3,0
1,83.33,81.24,0,0,60.24,64.12,62.71,67.53,0,0,63.65,2,2,2,2,3,0
0,81.85,83.87,0,0,63.18,62.24,64.56,64.78,0,0,63.69,2,2,2,2,3,0
1,81.08,82.34,0,0,61.88,64.71,62.35,65.88,0,0,63.71,2,2,2,2,3,0
1,80.27,83.72,0,0,63.41,62.59,63.29,65.53,0,1,63.71,2,2,2,2,3,0
0,76,74.68,0,0,61.52,60.23,69.55,63.66,0,1,63.74,2,2,2,2,3,0
1,89.07,79.87,0,0,57.88,60,61.76,59.64,0,2,63.83,2,2,2,2,3,0
4,80.62,76.5,57.75,56.63,63.88,66.35,66.71,71.76,0,0,63.85,2,2,2,2,3,0
4,75.53,66.83,59,66,66.705,67.5,60.5088,63.64,0,1,63.905,2,2,2,2,3,0
0,89.07,76.5,56.25,60.75,66.47,62.24,71.22,67.11,0,0,64,2,2,2,2,3,0
4,74.46,70.94,60,64.39,63.65,54.16,67.14,74.97,0,2,64.05,2,2,2,2,3,0
3,90,82.83,59.63,57.25,64.59,66,67.65,69.29,0,0,64.07,2,2,2,2,3,0
2,82.62,79.83,58.13,59.13,69.88,64.12,68,65.41,0,1,64.11,2,2,2,2,3,0
3,85.38,75.7,0,0,60,64.11,64.82,67.52,0,0,64.1125,2,2,2,2,3,0
3,93.53,87.17,64.62,64.75,65.76,57.53,66.7,65.41,0,2,64.12,2,2,2,2,3,0
3,69.54,86.61,0,0,61.76,65.65,62.24,66.94,0,1,64.15,2,2,2,2,3,0
3,81.23,86.73,0,0,57.88,69.53,61.18,68,0,1,64.15,2,2,2,2,3,0
0,83.69,80.77,0,0,64,58.94,66.89,66.56,0,0,64.17,2,2,2,2,3,0
1,80,80.69,0,0,61.41,64.47,61.41,69.41,0,0,64.18,2,2,2,2,3,0
0,76.92,75.87,0,0,64.58,61.76,65.45,65.11,0,0,64.22,2,2,2,2,3,0
1,83.23,85.38,0,0,62.94,62.12,64.71,67.41,0,0,64.29,2,2,2,2,3,0
0,69.46,66.72,0,0,59.64,64.11,66.66,67,0,0,64.3525,2,2,2,2,3,0
1,84.57,75.83,62.5,65.63,65.06,65.65,59.53,67.88,0,1,64.38,2,2,2,2,3,0
1,80.31,72,64.5,67.5,67.53,65.65,58.47,63.18,0,0,64.44,2,2,2,2,3,0
2,88,84.09,0,0,62.12,63.77,68,64,0,2,64.4725,2,2,2,2,3,0
1,79.84,76.71,0,0,64.82,57.17,63.76,72.23,0,1,64.49,2,2,2,2,3,0
1,80.46,83.45,0,0,62.71,61.29,63.76,70.24,0,0,64.5,2,2,2,2,3,0
3,86.31,86.83,72.13,64.88,62,60.71,63.53,63.88,0,1,64.52,2,2,2,2,3,0
3,91.846,85.166,64.875,72,64.588,62.235,63.764,60,0,0,64.577,2,2,2,2,3,0
2,90.86,72.66,67.38,68.88,72.24,62.59,61.88,54.59,0,1,64.59,2,2,2,2,3,0
0,87.85,81.2,0,0,64.12,60.59,67.78,65.67,0,2,64.6,2,2,2,2,3,0
4,80,77.35,0,0,61.53,65.76,62.82,68.47,0,0,64.65,2,2,2,2,3,0
1,90.62,87.83,71.13,66.63,70.35,61.76,57.65,60.94,0,2,64.66,2,2,2,2,3,0
2,87.08,87.5,71.63,63.38,66.94,59.65,62.12,64.47,0,0,64.7,2,2,2,2,3,0
1,89.08,86.83,67.63,66,62.82,63.65,65.29,63.18,0,0,64.72,2,2,2,2,3,0
4,75.85,83,0,0,62.94,63.76,64.59,67.65,0,0,64.74,2,2,2,2,3,0
1,88.76,84.26,0,0,65.76,60,61.05,72.23,0,0,64.76,2,2,2,2,3,0
1,85.69,76.33,68.88,61.25,62.82,65.76,64.82,65.06,0,1,64.76,2,2,2,2,4,0
3,89.85,83.33,64.25,66.63,60.94,64.35,63.41,69.06,0,1,64.77,1,1,1,1,4,0
4,93.23,86.67,63.62,63.25,65.64,62.35,68.11,66.23,0,0,64.86,1,1,1,1,4,0
4,86.15,76.17,52.62,58.87,68,70.23,68.23,71.52,0,2,64.91,1,1,1,1,4,0
0,88.92,79.36,0,0,70,60.58,64.44,65.66,0,0,65,1,1,1,1,4,0
1,88,82.61,0,0,66.82,57.41,64,71.88,0,1,65.02,1,1,1,1,4,0
0,79.23,84.87,0,0,64.12,66.35,65.56,64.22,0,2,65.06,1,1,1,1,4,0
4,85.87,81.67,57,58.88,59.53,68,72,75.65,0,1,65.18,1,1,1,1,4,0
1,89.38,83.13,0,0,65.29,63.53,64.47,67.53,0,0,65.21,1,1,1,1,4,0
0,79.08,81.61,0,0,62.71,63.06,67.11,67.89,0,0,65.26,1,1,1,1,4,0
0,85.08,80.63,69.42,64,62.57,79.18,83.39,77.68,0,0,65.3,1,1,1,1,4,0
3,84.15,76,72.75,56.75,62.71,65.88,64.82,69.29,0,0,65.37,1,1,1,1,4,0
1,79.23,81.72,0,0,63.41,64.94,65.29,67.88,0,1,65.38,1,1,1,1,4,0
3,89.07,78,62,64.35,66,66.8,69,64.3,0,0,65.39,1,1,1,1,4,0
1,75.53,55.67,57.5,61,71.4,68.23,66,68.23,0,5,65.39333333,1,1,1,1,4,0
2,87.69,83.67,62.63,66.88,69.18,61.65,65.53,66.59,0,0,65.41,1,1,1,1,4,0
2,76.27,85.62,0,0,65.41,69.76,63.88,62.59,0,0,65.41,1,1,1,1,4,0
3,53.73,52.17,0,0,58.35,71.41,63.65,68.35,0,0,65.44,1,1,1,1,4,0
1,88.61,78.36,0,0,61.88,65.52,64.82,69.64,0,0,65.465,1,1,1,1,4,0
0,80.92,81.53,0,0,72,64.24,65,61,0,1,65.49,1,1,1,1,4,0
0,83.69,80.09,0,0,62.59,60.94,68.11,69.89,0,0,65.49,1,1,1,1,4,0
0,75.85,84.33,0,0,65.65,64.12,65.78,66.44,0,0,65.51,1,1,1,1,4,0
3,82.4,88.1,0,0,64.82,62.35,65.41,69.52,0,0,65.525,1,1,1,1,4,0
1,81.69,82.2,0,0,65.41,66.35,65.88,64.59,0,1,65.56,1,1,1,1,4,0
3,80.31,85.21,0,0,56.59,67.18,67.18,71.41,0,0,65.59,1,1,1,1,4,0
0,88.61,82.17,64.875,67.5,70.705,59.176,70.11,61.22,0,0,65.597,1,1,1,1,4,0
0,66.13,81.1,0,0,59.65,66,68.11,68.67,0,0,65.69,1,1,1,1,4,0
0,89.38,80.51,0,0,66.12,62.71,66.89,67,0,1,65.71,1,1,1,1,4,0
3,89.84,86.63,0,0,62.12,67.29,62.71,70.82,0,1,65.735,1,1,1,1,4,0
1,68.92,81.79,0,0,57.53,66.94,66.59,71.88,0,1,65.74,1,1,1,1,4,0
0,89.07,73,60.87,69,68.82,60.94,71,63.66,0,0,65.76,1,1,1,1,4,0
3,87.85,85.33,74.13,63,64.59,64.71,64.82,63.65,0,0,65.81,1,1,1,1,4,0
2,85.69,77.33,67,64.63,72,61.88,65.29,64.12,0,0,65.82,1,1,1,1,4,0
4,82.15,73.67,58.45,66.58,60.94,62.81,69.3,78.29,1,3,66.06,1,1,1,1,4,0
0,83.69,82,0,0,67.65,65.76,62.22,68.67,0,0,66.06,1,1,1,1,4,0
0,86.92,81.9,0,0,70.94,67.52,63.44,62.55,0,0,66.11,1,1,1,1,4,0
1,87.85,81.3,0,0,59.06,64.71,70,70.71,0,0,66.12,1,1,1,1,4,0
4,78.77,80.33,55.88,59.63,66.82,71.41,70.94,72.12,0,1,66.13,1,1,1,1,4,0
0,85.38,79.87,0,0,66,60.35,67.56,70.67,0,0,66.23,1,1,1,1,4,0
2,87.08,83.17,62.5,62.5,71.41,69.06,65.53,66.71,0,0,66.28,1,1,1,1,4,0
1,77.69,56.17,73.16,76.67,78.71,80.8,79.74,86.71,0,0,66.51,1,1,1,1,4,0
0,86.92,81.24,0,0,63.41,62.12,71.44,69,0,1,66.6,1,1,1,1,4,0
4,92.72,82.5,60.87,64.75,67.29,67.29,68.35,71.29,0,0,66.64,1,1,1,1,4,0
1,87.38,76.5,62.5,61.38,70.47,65.65,67.18,72.12,0,1,66.64,1,1,1,1,4,0
1,90.46,86.67,68.25,68,70,64.24,60.82,69.06,0,0,66.7,1,1,1,1,4,0
0,74,69.83,67.38,66.88,72.59,60.82,69.11,63.67,0,1,66.74,1,1,1,1,4,0
0,84.31,79.79,0,0,62.47,62.94,69.22,71.89,0,1,66.74,1,1,1,1,4,0
1,80.31,82.2,0,0,67.41,62.82,65.29,71.65,0,0,66.79,1,1,1,1,4,0
1,89.38,80.78,0,0,66.94,58.94,68.23,73.29,0,1,66.85,1,1,1,1,4,0
4,86.92,81.67,59.75,66.13,63.53,66.12,76.94,68.82,0,0,66.88,1,1,1,1,4,0
4,78.46,78.33,58.75,69,68.82,66.71,67.65,70.47,0,2,66.9,1,1,1,1,4,0
0,74.77,83.67,0,0,68.94,65.29,64.78,68.67,0,1,66.91,1,1,1,1,4,0
1,84.77,90.83,69.88,62.88,66.59,63.53,67.06,72.47,0,0,67.08,1,1,1,1,4,0
0,70,72.25,0,0,67.06,64,70.89,66.67,0,0,67.15,1,1,1,1,4,0
4,85.23,78.17,54.5,66.13,65.06,72.71,73.29,71.29,0,0,67.16,1,1,1,1,4,0
3,87.08,92,67.88,67.63,68,71.06,61.88,66.59,0,0,67.17,1,1,1,1,4,0
0,73.6,85.47,0,0,67.65,65.18,66.33,69.56,0,0,67.18,1,1,1,1,4,0
1,73.23,84.07,0,0,67.53,63.65,68.12,69.53,0,0,67.21,1,1,1,1,4,0
0,64.15,75.25,61.03,67.56,70,77.29,75,75.48,0,2,67.29,1,1,1,1,4,0
1,69.54,81.93,0,0,67.41,65.65,67.65,68.47,0,0,67.29,1,1,1,1,4,0
4,75.07,66,60.1,67.6,71.8,66.4,67.5,70.35,0,0,67.3,1,1,1,1,4,0
1,78.92,78.33,69.38,68.88,68,68.71,60.24,68.94,0,0,67.32,1,1,1,1,4,0
2,90.15,81,70.13,68.25,68.35,67.76,62.35,67.29,0,0,67.36,1,1,1,1,4,0
0,88.15,80.64,0,0,66.82,65.41,66.11,71.33,0,0,67.46,1,1,1,1,4,0
4,85.84,68.33,58.37,65.37,65.64,70,71.88,74.94,0,0,67.7,1,1,1,1,4,0
3,88.31,91.33,64.13,69.13,64.82,70.35,70.94,67.41,0,0,67.8,1,1,1,1,4,0
3,84.92,88,0,0,65.76,68.94,69.29,67.52,0,1,67.8775,1,1,1,1,4,0
1,88.62,81.33,69.63,70.88,69.41,63.29,66.24,68.59,0,0,67.96,1,1,1,1,4,0
1,86.92,81.93,0,0,63.53,67.41,72.12,68.82,0,0,67.97,1,1,1,1,4,0
3,89.84,83.71,59.62,70.25,74.23,71.17,67.53,64.7,0,0,67.98,1,1,1,1,4,0
1,85.85,78,70.25,63.13,74.24,65.41,63.53,71.18,0,0,67.98,1,1,1,1,4,0
4,89.69,87.17,63.38,60.5,71.76,69.53,72.12,71.18,0,0,68.08,1,1,1,1,4,0
0,79.08,81.79,0,0,64.94,69.18,66.78,71.44,0,1,68.11,1,1,1,1,4,0
3,85.07,83.9,0,0,65.29,72.11,68.58,66.7,0,0,68.17,1,1,1,1,4,0
3,83.69,82.17,72.13,64.5,65.29,71.65,65.88,69.76,0,0,68.2,1,1,1,1,4,0
0,84.46,81.5,66,63.88,73.76,67.65,66.67,71.67,0,0,68.27,1,1,1,1,4,0
1,80.77,82,0,0,66,65.53,70.35,71.41,0,0,68.32,1,1,1,1,4,0
2,87.54,87.67,65.25,66.25,65.76,67.76,69.88,75.18,0,0,68.35,1,1,1,1,4,0
1,82.31,80.83,0,0,68,68.12,64.35,73.41,0,0,68.47,1,1,1,1,4,0
0,82,83,0,0,67.06,65.41,71.22,70,0,1,68.49,1,1,1,1,4,0
1,84.62,81.93,0,0,65.65,63.76,72.24,72.35,0,0,68.5,1,1,1,1,4,0
0,78.62,84.53,0,0,70.82,63.29,69.56,70.33,0,0,68.54,1,1,1,1,4,0
1,86.77,91,71.63,66,68.82,68.24,66.82,70,0,0,68.58,1,1,1,1,4,0
3,87.23,85.39,0,0,67.65,68.47,68.94,69.29,0,0,68.59,1,1,1,1,4,0
0,87.69,80.14,0,0,66.12,67.65,71.67,69,0,0,68.66,1,1,1,1,4,0
0,82,79.93,0,0,69.53,67.29,69.56,68.56,0,0,68.74,1,1,1,1,4,0
3,70.8,88.67,0,0,65.53,71.76,69.88,68.59,0,0,68.94,1,1,1,1,4,0
0,78.15,76,0,0,66.588,65.2914,73.33,70.666,0,1,68.96885,1,1,1,1,4,0
4,93.38,82,72.25,67.25,62.35,72.24,66.23,74.11,0,0,69.07,1,1,1,1,4,0
3,88.31,84.83,76,70.5,65.18,63.88,67.88,71.41,0,0,69.14,1,1,1,1,4,0
4,91.53,80.17,66.37,69.37,70.58,73.41,68.94,67.29,0,0,69.32,1,1,1,1,4,0
4,90.15,79.83,58.5,66.5,71.17,68.58,74.47,76.23,0,0,69.38,1,1,1,1,4,0
0,84,80.2,0,0,68.59,65.41,71.56,71.89,0,0,69.43,1,1,1,1,4,0
3,85.08,74.17,63.75,66.25,61.88,71.29,75.18,78.82,0,0,69.53,1,1,1,1,4,0
2,86.92,86.83,73.25,66.13,73.18,71.65,69.18,64.12,0,0,69.58,1,1,1,1,4,0
4,91.53,77.5,59.5,64.88,71.18,73.7,75.41,72.94,0,0,69.61,1,1,1,1,4,0
3,86,81.67,73.5,66.63,63.41,70.12,72.24,72.35,0,1,69.71,1,1,1,1,4,0
3,92.3,81.5,62.12,72.87,68.35,69.88,75.41,70,0,0,69.82,1,1,1,1,4,0
3,88.3,84.61,0,0,67.05,70.94,67.29,74.11,0,0,69.84,1,1,1,1,4,0
0,87.69,87.93,0,0,68.47,69.53,69.44,73.22,0,0,70.17,4,4,4,4,1,0
3,87.47,86.57,0,0,67.06,74.47,69.53,70.12,0,0,70.29,4,4,4,4,1,0
1,87.54,81.66,0,0,72,66.82,68.12,75.06,0,0,70.5,4,4,4,4,1,0
1,88.31,80.39,0,0,65.76,69.65,69.76,77.06,0,0,70.56,3,3,3,3,2,0
2,81.38,77.89,0,0,69.64,71.52,72.47,68.94,0,0,70.6425,3,3,3,3,2,0
1,65,80,0,0,66,72,75,72,0,0,70.7,3,3,3,3,2,0
3,88.92,84.67,73.75,68.75,68.94,72.59,71.53,68.71,0,0,70.71,3,3,3,3,2,0
3,90.31,89.67,79,72.13,64.82,65.18,70.94,72.82,0,1,70.81,3,3,3,3,2,0
2,77.46,75,61.66,62,60.88,57.6,67.4,82.6,0,0,71.03,3,3,3,3,2,0
3,86.77,87,71.88,70.75,70.71,68.94,71.41,72.71,0,0,71.06,3,3,3,3,2,0
1,89.23,74.65,74.45,71.22,69.14,67.43,70.84,78.45,0,0,71.465,2,2,2,2,3,0
3,81.06,57.33,0,0,73.41,71.41,68.88,72.35,0,0,71.5125,2,2,2,2,3,0
1,91.54,90.83,73.13,72.88,76.94,71.65,67.29,68.24,0,0,71.66,2,2,2,2,3,0
2,88.33,87.33,75.625,76.375,77.176,68.941,64.117,68.47,0,0,71.784,2,2,2,2,3,0
1,79.69,83.33,0,0,73.88,73.41,65.06,75.29,0,0,71.91,2,2,2,2,3,0
3,88.92,85.5,72.88,70.38,71.76,77.65,69.06,72.47,0,0,72.37,2,2,2,2,3,0
0,70.92,78.31,65.42,69.89,71,71.88,74.91,81.94,0,0,72.47,2,2,2,2,3,0
1,86.62,72.5,73.5,74.38,77.06,73.88,67.41,69.41,0,0,72.58,2,2,2,2,3,0
2,87.53,78.17,71.12,72.12,74.58,74.47,73.41,69.88,0,0,72.596,2,2,2,2,3,0
0,91.07,82.9,0,0,72.58,67.88,78.88,71.66,0,0,72.75,2,2,2,2,3,0
3,91.85,86,76.25,74.38,71.18,73.41,72.24,69.41,0,0,72.81,1,1,1,1,4,0
3,84.77,79.33,70.88,73.63,70,76,74.82,73.53,0,0,73.14,1,1,1,1,4,0
1,84.6,82.67,77.75,70.63,78.12,71.53,70,72.71,0,0,73.44,1,1,1,1,4,0
1,88.4,91,76.25,67,77.53,73.76,73.65,75.88,0,0,74.06,1,1,1,1,4,0
3,87.85,80.5,67.5,71.38,71.29,77.53,80,78.94,0,0,74.44,1,1,1,1,4,0
3,90,92,77.5,74.25,72,73.76,78.24,77.29,0,0,75.51,1,1,1,1,4,0
4,66.46,76,0,0,52.7,50.4,52.7,50,0,12,75.6,1,1,1,1,4,0
4,91.54,85.33,70,71.75,75.65,81.65,80.94,77.06,0,0,76.17,1,1,1,1,4,0
0,81.85,84,0,0,76.71,77.76,72.78,78.22,0,0,76.34,1,1,1,1,4,0
3,88,91.67,81.5,77.75,76.47,76.94,78.82,72.35,0,0,77.34,1,1,1,1,4,0
3,77.84,58,0,0,71.65,76.22,86.82,82.11,0,5,79.2,1,1,1,1,4,0
